<?xml version='1.0' encoding='ASCII'?>
<config id="furniture">

    <category id="0" label="#interiorCategory" priority="1" typeClass="furniture" library="house" logCategory1="furniture">

        <category id="1" label="#wallCategory" priority="1" logCategory2="wall">

            <item id="wall1" label="#wall1Title" name="WallBase" icon="WallBaseIcon@house" gold="0" silver="0" rating="1" buyCount="0" priority="1" loadType="file"/>
            <item id="wall2" label="#wall2Title" name="WallBlot" icon="WallBlotIcon@house" gold="6" rating="10" priority="2" loadType="file"/>
            <item id="wall3" label="#wall3Title" name="WallBlue" icon="WallBlueIcon@house" silver="150" rating="1" priority="3" loadType="file"/>
            <item id="wall4" label="#wall4Title" name="WallDarkBlue" icon="WallDarkBlueIcon@house" silver="150" rating="1" priority="4" loadType="file"/>
            <item id="wall5" label="#wall5Title" name="WallForgetLight" icon="WallForgetLightIcon@house" gold="7" rating="11" priority="5" loadType="file"/>
            <item id="wall7" label="#wall7Title" name="WallGray" icon="WallGrayIcon@house" silver="150" rating="1" priority="6" loadType="file"/>
            <item id="wall8" label="#wall8Title" name="WallGreen" icon="WallGreenIcon@house" silver="340" rating="3" priority="7" loadType="file"/>
            <item id="wall9" label="#wall9Title" name="WallHeart" icon="WallHeartIcon@house" gold="9" rating="15" priority="8" loadType="file"/>
            <item id="wall10" label="#wall10Title" name="WallLineBlue" icon="WallLineBlueIcon@house" silver="500" rating="5" priority="9" loadType="file"/>
            <item id="wall11" label="#wall11Title" name="WallLineGray" icon="WallLineGrayIcon@house" silver="500" rating="5" priority="10" loadType="file"/>
            <item id="wall12" label="#wall12Title" name="WallLine" icon="WallLineIcon@house" silver="500" rating="5" priority="11" loadType="file"/>
            <item id="wall13" label="#wall13Title" name="WallMarbleWhite" icon="WallMarbleWhiteIcon@house" gold="9" rating="15" priority="12" loadType="file"/>
            <item id="wall14" label="#wall14Title" name="WallPirate" icon="WallPirateIcon@house" gold="11" rating="22" priority="13" loadType="file"/>
            <item id="wall15" label="#wall15Title" name="WallPoppy" icon="WallPoppyIcon@house" gold="5" rating="8" priority="14" loadType="file"/>
            <item id="wall16" label="#wall16Title" name="WallRoseGray" icon="WallRoseGrayIcon@house" gold="10" rating="20" priority="15" loadType="file"/>
            <item id="wall17" label="#wall17Title" name="WallViolett" icon="WallViolettIcon@house" gold="8" rating="13" priority="16" loadType="file"/>
            <item id="wall18" label="#wall18Title" name="WallGrass" icon="WallGrassIcon@house" gold="15" rating="30" priority="17" loadType="file"/>
            <item id="wall19" label="#wall19Title" name="WallBrick" icon="WallBrickIcon@house" gold="11" rating="22" priority="18" loadType="file"/>
            <item id="wall20" label="#wall20Title" name="WallVioletFrog" icon="WallVioletFrogIcon@house" gold="13" rating="26" priority="19" loadType="file"/>
            <item id="wall21" label="#wall21Title" name="WallNoise" icon="WallNoiseIcon@house" silver="840" rating="8" priority="20" loadType="file"/>
            <item id="wall22" label="#wall22Title" name="WallBrickRed" icon="WallBrickRedIcon@house" gold="14" rating="28" priority="21" loadType="file"/>
            <item id="wall23" label="#wall23Title" name="WallArtDeco" icon="WallArtDecoIcon@house" gold="12" rating="24" priority="22" loadType="file"/>

            
            <item id="wall24" label="#wall24Title" name="WallHalloween" holiday="halloween" icon="WallHalloweenIcon@house" gold="14" rating="28" priority="23" loadType="file"/>
            <item id="wall25" label="#wall25Title" name="WallBrickHalloween" holiday="halloween" icon="WallBrickHalloweenIcon@house" gold="12" rating="24" priority="24" loadType="file"/>

            
            <item id="wallWdn1" label="#wallWedding1Title" name="WallWedding" wedding="1" icon="WallWeddingIcon@house" gold="15" rating="30" priority="25" loadType="file"/>

            
            <item id="wallNY1" label="#wallNY1Title" name="WallCastle" holiday="NY" icon="WallCastleIcon@house" silver="1500" rating="15" priority="26" loadType="file"/>
            <item id="wallNY2" label="#wallNY2Title" name="WallSnow" holiday="NY" icon="WallSnowIcon@house" gold="8" rating="14" priority="27" loadType="file"/>

            
            <item id="wallSh1" label="#wallSchool1Title" name="WallSchool" icon="WallSchoolIcon@house" silver="750" rating="7" priority="28" loadType="file"/>

            
            <item id="wallJpn1" label="#wallJapan1Title" name="WallJapan" vipOnly="1" icon="WallJapanIcon@house" gold="35" rating="90" priority="29" loadType="file"/>

            
            <item id="wallAln1" label="#wallAlien1Title" name="WallAlien" level="12" icon="WallAlienIcon@house" silver="12500" rating="50" priority="30" loadType="file"/>

            
            <item id="wallBch1" label="#wallBeach1Title" name="WallBeach" vipOnly="1" icon="WallBeachIcon@house" gold="33" rating="85" priority="31" loadType="file"/>

            
            <item id="wallArtNv1" label="#wallArtNouveau1Title" name="WallArtNouveau" vipOnly="1" icon="WallArtNouveauIcon@house" gold="45" rating="115" priority="32" loadType="file"/>

            
            <item id="wallPrns1" label="#wallPrincess1Title" name="WallPrincess" icon="WallPrincessIcon@house" gold="12" rating="25" priority="33" loadType="file"/>

            
            <item id="wallCtr1" label="#wallCountry1Title" name="WallCountry" vipOnly="1" icon="WallCountryIcon@house" gold="30" rating="75" priority="34" loadType="file"/>

            
            <item id="wllNY14" label="#wallNY14Title" name="WallIce" holiday="newyear14" icon="WallIceIcon@house" gold="140" rating="350" priority="35" loadType="file"/>

            
            <item id="wllSV14" label="#wallSV14Title" name="WallValentine" icon="WallValentineIcon@house" gold="350" rating="699" priority="36" canBuy="1" loadType="file"/>

            
            <item id="wllFeb23" label="#wallFebruary23Label" name="WallFebruary23" icon="WallFebruary23Icon@house" gold="45" rating="120" priority="38" loadType="file"/>

            
            <item id="wllMya" label="#wallMayaLabel" name="WallMaya" vipOnly="1" icon="WallMayaIcon@house" gold="60" rating="150" priority="37" loadType="file"/>

            
            <item id="wllSD14" label="#wallSD14Label" name="WallSD14" fileVersion="2" icon="WallSD14Icon@house" gold="9999" rating="150" priority="38" loadType="file" tags="cantEdit"/>

            
            <item id="wllSD15" label="#wallSD15Label" name="WallSD15" icon="WallSD15Icon@house" gold="9999" rating="150" priority="38" loadType="file" tags="cantEdit"/>

            
            <category id="wllSPCategory" label="#wllSPCategory">
                <item id="wllSP" label="#wallSteampunkLabel" name="WallSteampunk" icon="WallSteampunkIcon@house" gold="9999" rating="150" priority="38" loadType="file" tags="cantEdit"/>
            </category>

            
            <item id="wllNYRf" label="#wallNYRoofLabel" name="WallNYRoof" vipOnly="1" fileVersion="2" icon="WallNYRoofIcon@house" gold="80" rating="250" priority="39" loadType="file"/>

            
            <item id="wllSea" label="#wallSeaLabel" name="WallSea" fileVersion="2" icon="WallSeaIcon@house" gold="47" rating="120" priority="40" loadType="file"/>

            
            <item id="wllGRtr" label="#garageRetroWall" name="WallGarageRetro" vipOnly="1" icon="WallGarageRetroIcon@house" gold="77" rating="200" priority="41" loadType="file"/>

            
            <item id="wllGTch" label="#garageTechnoWall" name="WallGarageTechno" vipOnly="1" icon="WallGarageTechnoIcon@house" gold="110" rating="275" priority="42" loadType="file"/>

            
            <item id="wallSantaHouse" label="#wallSantaHouseLabel" name="WallSantaHouse" icon="WallSantaHouseIcon@house" gold="300" rating="350" priority="43" loadType="file" canBuy="1"/>

            
            <item id="wallSV15" label="#wallSV15Label" name="WallSV15" icon="WallSV15Icon@house" gold="350" rating="350" priority="44" loadType="file"/>

            
            <item id="wllCnn" label="#wallConanLabel" name="WallConan" icon="WallConanIcon@house" gold="55" rating="140" priority="45" loadType="file"/>

            
            <item id="wllGrdGft" label="#wllGrdGft" name="WallGardenerGift" icon="WallGardenerGiftIcon@house" gold="9999" rating="350" priority="46" loadType="file"/>

            
            <item id="wllTrBth" label="#wllTrBthLabel" name="WallTropicalBedroom" icon="WallTropicalBedroomIcon@house" gold="35" rating="90" priority="47" loadType="file"/>

            
            <item id="wllBlkRs" label="#wllBlkRsLabel" name="BlackRoseWall" holiday="halloween2015" icon="BlackRoseWallIcon@house" gold="229" rating="573" priority="48" loadType="file"/>

            
            <item id="proPhtWll" label="#proPhtWllLabel" name="WallPhotostudio" professionId="phtghr" professionLevel="4" icon="WallPhotostudioIcon@house" gold="30" rating="90" priority="49" loadType="file"/>

            
            <item id="ny2016wll" label="#ny2016wll" name="WallDarkPolar" tags="cantEdit" icon="WallPolarIcon@house" gold="99999" rating="299" priority="50" loadType="file"/>

            
            <item id="sd16Wll" label="#sd16WllLabel" name="WallSD16" tags="cantEdit" icon="WallSD16Icon@house" gold="99999" rating="149" priority="51" loadType="file"/>

            
            <item id="shWll" label="#shWllLabel" name="WallSuperHero" fileVersion="2" icon="WallSuperHeroIcon@house" gold="42" rating="105" priority="52" loadType="file"/>

            
            <item id="prtrWll" label="#prtrWllLabel" name="WallPirateRoom" icon="WallPirateRoomIcon@house" gold="50" rating="125" priority="53" loadType="file"/>

            
            <item id="gymWll" label="#gymWllLabel" name="WallGym" icon="WallGymIcon@house" silver="2800" rating="28" priority="54" loadType="file"/>

            
            <item id="pnRmWll" label="#pnRmWllLabel" name="WallPianoRoom" icon="WallPianoRoomIcon@house" silver="6500" rating="65" priority="55" loadType="file" vipOnly="1"/>

            
            <item id="rtrCfWll" label="#rtrCfWllLabel" name="WallRetroCafe2019" icon="WallRetroCafe2019Icon@house" gold="12" rating="30" priority="56" loadType="file"/>

            
            <item id="hw2019Wll" label="#hw2019WllLabel" name="WallHW2019" icon="WallHW2019Icon@house" silver="3500" rating="107" priority="57" loadType="file"/>
            <item id="drgn2019Wll" label="#drgCvWllLabel" name="WallDragon2019" icon="WallDragon2019Icon@house" gold="35" rating="105" priority="56" loadType="file"/>

            
            <item id="NY20Wllppr" label="#NY20WllpprLabel" name="NY20Wallpaper" icon="NY20WallpaperIcon@house" loadType="file" priority="57" gold="55" rating="165"/>
            <item id="pdmNY20Wll" label="#pdmNY20WllLabel" name="WallPodium2020" icon="WallPodium2020Icon@house" gold="45" rating="180" priority="58" loadType="file"/>

            
            <item id="wndrlndWll" label="#wndrlndWllLabel" name="WonderlandWall" icon="WonderlandWallIcon@house" loadType="file" library="wonderland" gold="60" rating="150" priority="59"/>
            
            <item id="rstrnt2019Wll" label="#rstrnt2019WllLabel" name="Restaurant2019Wall" icon="Restaurant2019WallIcon@house" loadType="file" library="restaurant2019" silver="4500" rating="45" priority="60"/>
            
            <item id="rtstWrkshpWll" label="#rtstWrkshpWllLabel" name="ArtistWorkshopWall" icon="ArtistWorkshopWallIcon@house" loadType="file" library="artistWorkshop" gold="80" rating="200" priority="61"/>
        </category>

        <category id="2" label="#doorCategory" priority="2" logCategory2="door">

            <item id="door1" label="#door1Title" name="DoorBase" icon="DoorBaseIcon@house" gold="0" silver="0" buyCount="0" rating="1" tags="ground" priority="1" loadType="file">
                <dimension width="0" length="2" height="4.0"/>
                <placement floor="1" wall="1" door="1"/>
                <direction names="SW,SE"/>
            </item>
            <item id="door2" label="#door2Title" name="DoorRose" icon="DoorRoseIcon@house" gold="17" rating="34" tags="ground" priority="2" loadType="file">
                <dimension width="0" length="2" height="4.0"/>
                <placement floor="1" wall="1"/>
                <direction names="SW,SE"/>
            </item>
            <item id="door3" label="#door3Title" name="DoorFlower" icon="DoorFlowerIcon@house" gold="25" rating="55" tags="ground" priority="3" loadType="file">
                <dimension width="0" length="2.1" height="4.0"/>
                <placement floor="1" wall="1"/>
                <direction names="SW,SE"/>
            </item>
            <item id="door4" label="#door4Title" name="DoorWood" icon="DoorWoodIcon@house" silver="850" rating="8" tags="ground" priority="4" loadType="file">
                <dimension width="0" length="2.1" height="4.0"/>
                <placement floor="1" wall="1"/>
                <direction names="SW,SE"/>
            </item>
            <item id="door5" label="#door5Title" name="DoorWindow" icon="DoorWindowIcon@house" gold="7" rating="11" tags="ground" priority="5" loadType="file">
                <dimension width="0" length="2" height="4.0"/>
                <placement floor="1" wall="1"/>
                <direction names="SW,SE"/>
            </item>
            <item id="door6" label="#door6Title" name="DoorLight" icon="DoorLightIcon@house" silver="385" rating="3" tags="ground" priority="6" loadType="file">
                <dimension width="0" length="1.5" height="4.0"/>
                <placement floor="1" wall="1"/>
                <direction names="SW,SE"/>
            </item>
            <item id="door7" label="#door7Title" name="DoorBordo" icon="DoorBordoIcon@house" silver="850" rating="8" tags="ground" priority="7" loadType="file">
                <dimension width="0" length="2" height="4.0"/>
                <placement floor="1" wall="1"/>
                <direction names="SW,SE"/>
            </item>
            <item id="door10" label="#door10Title" name="DoorBachelor" level="8" icon="DoorBachelorIcon@house" silver="1500" rating="15" tags="ground" priority="10" loadType="file">
                <dimension width="0" length="2" height="5.0"/>
                <placement floor="1" wall="1"/>
                <direction names="SW,SE"/>
            </item>

            
            <item id="door8" label="#door8Title" name="DoorHalloween" holiday="halloween" icon="DoorHalloweenIcon@house" silver="585" rating="6" tags="ground" priority="8" loadType="file">
                <dimension width="0" length="1.8" height="5.0"/>
                <placement floor="1" wall="1"/>
                <direction names="SW,SE"/>
            </item>
            <item id="door9" label="#door9Title" name="DoorHalloweenBig" holiday="halloween" icon="DoorHalloweenBigIcon@house" gold="29" rating="50" tags="ground" priority="9" loadType="file">
                <dimension width="0" length="3.5" height="6.2"/>
                <placement floor="1" wall="1"/>
                <direction names="SW,SE"/>
            </item>

            
            <item id="doorWdn1" label="#doorWedding1Title" name="DoorWedding" wedding="1" icon="DoorWeddingIcon@house" gold="33" rating="83" tags="ground" priority="11" loadType="file">
                <dimension width="0" length="3.5" height="6.2"/>
                <placement floor="1" wall="1"/>
                <direction names="SW,SE"/>
            </item>

            
            <item id="doorVip1" label="#doorVip1Title" name="DoorWoodVip" vipOnly="1" icon="DoorWoodVipIcon@house" gold="21" rating="46" tags="ground" priority="12" loadType="file">
                <dimension width="0" length="4" height="6.5"/>
                <placement floor="1" wall="1"/>
                <direction names="SW,SE"/>
            </item>
            <item id="doorVip2" label="#doorVip2Title" name="DoorCastle" vipOnly="1" icon="DoorCastleIcon@house" gold="35" rating="90" tags="ground" priority="13" loadType="file">
                <dimension width="0" length="3" height="6.0"/>
                <placement floor="1" wall="1"/>
                <direction names="SW,SE"/>
            </item>

            
            <item id="door11" label="#doorSchoolTitle" name="DoorSchool" icon="DoorSchoolIcon@house" silver="1500" rating="15" tags="ground" priority="14" loadType="file">
                <dimension width="0" length="2" height="5.0"/>
                <placement floor="1" wall="1"/>
                <direction names="SW,SE"/>
            </item>

            
            <item id="dram1" label="#doorPortalElfTitle" name="DoorPortalElf" vipOnly="1" icon="DoorPortalElfIcon@house" gold="800" rating="4000" tags="ground" priority="16" loadType="file">
                <dimension width="0" length="8" height="6"/>
                <placement floor="1" wall="1"/>
                <direction names="SW,SE"/>
            </item>
            <item id="dram2" label="#doorPortalDemonTitle" name="DoorPortalDemon" vipOnly="1" icon="DoorPortalDemonIcon@house" gold="850" rating="4500" tags="ground" priority="17" loadType="file">
                <dimension width="0" length="6" height="6"/>
                <placement floor="1" wall="1"/>
                <direction names="SW,SE"/>
            </item>

            
            <item id="drJpn1" label="#doorJapanTitle" name="DoorJapan" vipOnly="1" icon="DoorJapanIcon@house" gold="45" rating="115" tags="ground" priority="18" loadType="file">
                <dimension width="0" length="3" height="4.5"/>
                <placement floor="1" wall="1"/>
                <direction names="SW,SE"/>
            </item>

            
            <item id="drAln1" label="#doorAlienTitle" name="DoorAlien" vipOnly="1" icon="DoorAlienIcon@house" gold="29" rating="65" tags="ground" priority="19" loadType="file">
                <dimension width="0" length="2" height="5"/>
                <placement floor="1" wall="1"/>
                <direction names="SW,SE"/>
            </item>

            
            <item id="drArtNv1" label="#doorArtNouveauTitle" name="DoorArtNouveau" vipOnly="1" icon="DoorArtNouveauIcon@house" gold="125" rating="315" tags="ground" priority="20" loadType="file">
                <dimension width="0" length="6" height="5"/>
                <placement floor="1" wall="1"/>
                <direction names="SW,SE"/>
            </item>

            
            <item id="drPrns1" label="#doorPrincessTitle" name="DoorPrincess" vipOnly="1" icon="DoorPrincessIcon@house" gold="35" rating="90" tags="ground" priority="21" loadType="file">
                <dimension width="0" length="2" height="5"/>
                <placement floor="1" wall="1"/>
                <direction names="SW,SE"/>
            </item>

            
            <item id="drCntr1" label="#doorCountryTitle" name="DoorCountry" vipOnly="1" icon="DoorCountryIcon@house" gold="30" rating="75" tags="ground" priority="22" loadType="file">
                <dimension width="0" length="2" height="5.5"/>
                <placement floor="1" wall="1"/>
                <direction names="SW,SE"/>
            </item>

            
            <item id="drNY14Sml" label="#doorNY14SmallTitle" name="DoorSmallIce" holiday="newyear14" icon="DoorSmallIceIcon@house" gold="140" rating="350" tags="ground" priority="24" loadType="file">
                <dimension width="0" length="2" height="5.5"/>
                <placement floor="1" wall="1"/>
                <direction names="SW,SE"/>
            </item>
            <item id="drNY14Bg" label="#doorNY14BigTitle" name="DoorBigIce" holiday="newyear14" icon="DoorBigIceIcon@house" gold="200" rating="500" tags="ground" priority="25" loadType="file">
                <dimension width="0" length="3" height="5.5"/>
                <placement floor="1" wall="1"/>
                <direction names="SW,SE"/>
            </item>

            
            <item id="drSV14" label="#doorSV14SmallTitle" name="DoorValentine" icon="DoorValentineIcon@house" gold="425" rating="850" tags="ground" priority="26" loadType="file" canBuy="1">
                <dimension width="0" length="4" height="5.5"/>
                <placement floor="1" wall="1"/>
                <direction names="SW,SE"/>
            </item>

            
            <item id="drFeb23" label="#doorFebruary23Label" name="DoorFebruary23" icon="DoorFebruary23Icon@house" gold="899" rating="5000" tags="ground" priority="27" loadType="file">
                <dimension width="0" length="5" height="5"/>
                <placement floor="1" wall="1"/>
                <direction names="SW,SE"/>
            </item>

            
            <item id="drMya" label="#doorMayaLabel" name="DoorMaya" vipOnly="1" icon="DoorMayaIcon@house" gold="85" rating="220" tags="ground" priority="28" loadType="file">
                <dimension width="0" length="3" height="5.5"/>
                <placement floor="1" wall="1"/>
                <direction names="SW,SE"/>
            </item>

            
            <item id="drSD14" label="#doorSD14Label" name="DoorSD14" icon="DoorSD14Icon@house" gold="9999" rating="5000" tags="ground,cantEdit" priority="29" loadType="file">
                <dimension width="0" length="5" height="5"/>
                <placement floor="1" wall="1"/>
                <direction names="SW,SE"/>
            </item>

            
            <item id="drSD15" label="#doorSD15Label" name="DoorSD15" icon="DoorSD15Icon@house" gold="9999" rating="5000" tags="ground,cantEdit" priority="29" loadType="file">
                <dimension width="0" length="2" height="3"/>
                <placement floor="1" wall="1"/>
                <direction names="SW,SE"/>
            </item>

            
            <item id="drSP" label="#doorSteampunkLabel" name="DoorSteampunk" icon="DoorSteampunkIcon@house" gold="9999" rating="5000" tags="ground,cantEdit" priority="29" loadType="file">
                <dimension width="0" length="5" height="5"/>
                <placement floor="1" wall="1"/>
                <direction names="SW"/>
            </item>

            
            <item id="drNYRf" label="#doorNYRoofLabel" name="DoorNYRoof" icon="DoorNYRoofIcon@house" gold="50" rating="125" tags="ground" priority="30" loadType="file">
                <dimension width="0" length="3" height="5"/>
                <placement floor="1" wall="1"/>
                <direction names="SW,SE"/>
            </item>

            
            <item id="drSea" label="#doorSeaLabel" name="DoorSea" icon="DoorSeaIcon@house" gold="35" rating="90" tags="ground" priority="31" loadType="file">
                <dimension width="0" length="5" height="6"/>
                <placement floor="1" wall="1"/>
                <direction names="SW,SE"/>
            </item>

            
            <item id="drGRtr" label="#garageRetroDoor" name="DoorGarageRetro" vipOnly="1" icon="DoorGarageRetroIcon@house" gold="45" rating="115" tags="ground" priority="32" loadType="file">
                <dimension width="0" length="6.7" height="5"/>
                <placement floor="1" wall="1"/>
                <direction names="SW,SE"/>
            </item>

            
            <item id="drGTch" label="#garageTechnoDoor" name="DoorGarageTechno" vipOnly="1" icon="DoorGarageTechnoIcon@house" gold="245" rating="615" tags="ground" priority="33" loadType="file">
                <dimension width="0" length="8.8" height="5.6"/>
                <placement floor="1" wall="1"/>
                <direction names="SW,SE"/>
            </item>

            
            <item id="drSantaHouse" label="#doorSantaHouseLabel" name="DoorSantaHouse" icon="DoorSantaHouseIcon@house" gold="400" rating="500" tags="ground" priority="34" loadType="file" canBuy="1">
                <dimension width="0" length="4.6" height="5.6"/>
                <placement floor="1" wall="1"/>
                <direction names="SW,SE"/>
            </item>

            
            <item id="drSV15" label="#doorSV15Label" name="DoorSV15" icon="DoorSV15Icon@house" gold="227" rating="500" tags="ground" priority="35" loadType="file">
                <dimension width="0" length="4" height="5"/>
                <placement floor="1" wall="1"/>
                <direction names="SW,SE"/>
            </item>

            
            <item id="drCnn" label="#doorConanLabel" name="DoorConan" icon="DoorConanIcon@house" gold="65" rating="170" tags="ground" priority="36" loadType="file">
                <dimension width="0" length="5.5" height="5"/>
                <placement floor="1" wall="1"/>
                <direction names="SW,SE"/>
            </item>

            
            <item id="drGrdGft" label="#drGrdGft" name="DoorGardenerGift" icon="DoorGardenerGiftIcon@house" gold="9999" rating="1" tags="ground" priority="37" loadType="file">
                <dimension width="0" length="3.4" height="5.2"/>
                <placement floor="1" wall="1"/>
                <direction names="SW,SE"/>
            </item>

            
            <item id="drTrBth" label="#drTrBthLabel" name="DoorTropicalBedroom" icon="DoorTropicalBedroomIcon@house" gold="70" rating="175" tags="ground" priority="38" loadType="file">
                <dimension width="0" length="2.5" height="6"/>
                <placement floor="1" wall="1"/>
                <direction names="SW,SE"/>
            </item>

            
            <item id="drBlkRs" label="#drBlkRsLabel" name="BlackRoseDoor" holiday="halloween2015" icon="BlackRoseDoorIcon@house" gold="389" rating="973" tags="ground" priority="39" loadType="file">
                <dimension width="0" length="3" height="6"/>
                <placement floor="1" wall="1"/>
                <direction names="SW,SE"/>
                <components>
                    <soundMovieClip/>
                </components>
            </item>

            
            <item id="proPhtDr" label="#proPhtDrLabel" name="DoorPhotostudio" professionId="phtghr" professionLevel="4" icon="DoorPhotostudioIcon@house" gold="70" rating="210" tags="ground" priority="40" loadType="file">
                <dimension width="0" length="2.5" height="6"/>
                <placement floor="1" wall="1"/>
                <direction names="SW,SE"/>
            </item>

            
            <item id="ny2016Sdr" label="#ny2016dr" name="DoorSnowboundPolar" icon="DoorPolarIcon@house" gold="99999" rating="1" tags="ground,cantEdit" priority="41" loadType="file">
                <dimension width="0.3" length="2.5" height="6"/>
                <placement floor="1" wall="1"/>
                <direction names="SW"/>
            </item>
            <item id="ny2016Ddr" label="#ny2016dr" name="DoorDarkPolar" icon="DoorPolarIcon@house" gold="99999" rating="1" tags="ground,cantEdit" priority="41" loadType="file">
                <dimension width="0.3" length="2.5" height="6"/>
                <placement floor="1" wall="1"/>
                <direction names="SW"/>
            </item>
            <item id="ny2016Ldr" label="#ny2016dr" name="DoorLightPolar" icon="DoorPolarIcon@house" gold="99999" rating="499" tags="ground,cantEdit" priority="41" loadType="file">
                <dimension width="0.3" length="2.5" height="6"/>
                <placement floor="1" wall="1"/>
                <direction names="SW"/>
            </item>
            
            <item id="shDr" label="#shDrLabel" name="DoorSuperHero" icon="DoorSuperHeroIcon@house" gold="59" rating="148" tags="ground" priority="42" loadType="file">
                <dimension width="0" length="3" height="5"/>
                <placement floor="1" wall="1"/>
                <direction names="SE,SW"/>
            </item>

            
            <item id="prtrDr" label="#prtrDrLabel" name="DoorPirateRoom" icon="DoorPirateRoomIcon@house" gold="45" rating="112" tags="ground" priority="43" loadType="file">
                <dimension width="0" length="3.1" height="5.7"/>
                <placement floor="1" wall="1"/>
                <direction names="SE,SW"/>
            </item>

            
            <item id="gymDr" label="#gymDrLabel" name="DoorGym" icon="DoorGymIcon@house" silver="1500" rating="15" tags="ground" priority="44" loadType="file">
                <dimension width="0" length="2" height="5.1"/>
                <placement floor="1" wall="1"/>
                <direction names="SE,SW"/>
            </item>

            
            <item id="pnRmDr" label="#pnRmDrLabel" name="DoorPianoRoom" icon="DoorPianoRoomIcon@house" gold="23" rating="58" tags="ground" priority="45" loadType="file" vipOnly="1">
                <dimension width="0" length="3.3" height="5.1"/>
                <placement floor="1" wall="1"/>
                <direction names="SE,SW"/>
            </item>

            
            <item id="rtrCfDr" label="#rtrCfDrLabel" name="DoorRetroCafe2019" icon="DoorRetroCafe2019Icon@house" gold="23" rating="58" tags="ground" priority="45" loadType="file">
                <dimension width="0" length="2.8" height="5.8"/>
                <placement floor="1" wall="1"/>
                <direction names="SE,SW"/>
            </item>

            
            <item id="hw2019Dr" label="#hw2019DrLabel" name="DoorHW2019" icon="DoorHW2019Icon@house" silver="3800" rating="116" tags="ground" priority="46" loadType="file">
                <dimension width="0" length="3" height="5.8"/>
                <placement floor="1" wall="1"/>
                <direction names="SE,SW"/>
            </item>
            <item id="drgn2019Dr" label="#drgCvDrLabel" name="DoorDragon2019" icon="DoorDragon2019Icon@house" gold="43" rating="129" tags="ground" priority="47" loadType="file">
                <dimension width="0" length="3" height="5.8"/>
                <placement floor="1" wall="1"/>
                <direction names="SE,SW"/>
            </item>

            
            <item id="NY20Dr" label="#NY20DrLabel" name="NY20Door" icon="NY20DoorIcon@house" loadType="file" priority="48" gold="35" rating="105">
                <dimension width="0" length="3.2" height="6"/>
                <placement floor="1" wall="1" door="1"/>
                <direction names="SW,SE"/>
            </item>
            <item id="pdmNY20Dr" label="#pdmNY20DrLabel" name="DoorPodium2020" icon="DoorPodium2020Icon@house" gold="50" rating="200" tags="ground" priority="49" loadType="file">
                <dimension width="0" length="3.6" height="5.4"/>
                <placement floor="1" wall="1"/>
                <direction names="SE,SW"/>
            </item>
            
            <item id="wndrlndDr" label="#wndrlndDrLabel" name="WonderlandDoor" icon="WonderlandDoorIcon@house" loadType="file" library="wonderland" gold="45" rating="113" priority="50">
                <dimension width="0" length="3.9" height="6"/>
                <placement floor="1" wall="1" door="1"/>
                <direction names="SW,SE"/>
            </item>
            
            <item id="rstrnt2019Dr" label="#rstrnt2019DrLabel" name="Restaurant2019Door" icon="Restaurant2019DoorIcon@house" loadType="file" library="restaurant2019" silver="6000" rating="60" priority="51">
                <dimension width="0" length="2.3" height="4.6"/>
                <placement floor="1" wall="1"/>
                <direction names="SW,SE"/>
            </item>
            
            <item id="rtstWrkshpLft" label="#rtstWrkshpLftLabel" name="ArtistWorkshopLift" icon="ArtistWorkshopLiftIcon@house" loadType="file" library="artistWorkshop" gold="70" rating="175" priority="52">
                <dimension width="0" length="3.6" height="6"/>
                <placement floor="1" wall="1" door="1"/>
                <direction names="SW,SE"/>
            </item>
        </category>

        <category id="3" label="#windowCategory" priority="3" logCategory2="window">

            <item id="window1" label="#window1Title" name="WindowCurtain" icon="WindowCurtainIcon@house" silver="1200" rating="12" tags="ground" priority="1" loadType="file">
                <dimension width="0" length="2" height="3.5" defaultZ="1"/>
                <placement floor="1" wall="1"/>
                <direction names="SW,SE"/>
            </item>
            <item id="window2" label="#window2Title" name="WindowSemicircle" icon="WindowSemicircleIcon@house" silver="500" rating="5" tags="ground" priority="2" loadType="file">
                <dimension width="0" length="2" height="3.1" defaultZ="1"/>
                <placement floor="1" wall="1"/>
                <direction names="SW,SE"/>
            </item>
            <item id="window3" label="#window3Title" name="WindowDark" icon="WindowDarkIcon@house" silver="450" rating="4" tags="ground" priority="3" loadType="file">
                <dimension width="0" length="1.5" height="3.4" defaultZ="1"/>
                <placement floor="1" wall="1"/>
                <direction names="SW,SE"/>
            </item>
            <item id="window4" label="#window4Title" name="WindowGlass" icon="WindowGlassIcon@house" gold="11" rating="22" tags="ground" priority="4" loadType="file">
                <dimension width="0" length="2.2" height="5" defaultZ="0.5"/>
                <placement floor="1" wall="1"/>
                <direction names="SW,SE"/>
            </item>
            <item id="window5" label="#window5Title" name="WindowGot" icon="WindowGotIcon@house" gold="15" rating="30" tags="ground" priority="5" loadType="file">
                <dimension width="0" length="1.8" height="3.5" defaultZ="1"/>
                <placement floor="1" wall="1"/>
                <direction names="SW,SE"/>
            </item>
            <item id="window6" label="#window6Title" name="WindowJalousie" icon="WindowJalousieIcon@house" silver="350" rating="3" tags="ground" priority="6" loadType="file">
                <dimension width="0" length="2.3" height="3.5" defaultZ="1"/>
                <placement floor="1" wall="1"/>
                <direction names="SW,SE"/>
            </item>
            <item id="window7" label="#window7Title" name="WindowRed" icon="WindowRedIcon@house" gold="13" rating="26" tags="ground" priority="7" loadType="file">
                <dimension width="0" length="3.5" height="5" defaultZ="1"/>
                <placement floor="1" wall="1"/>
                <direction names="SW,SE"/>
            </item>
            <item id="window8" label="#window8Title" name="WindowRose" icon="WindowRoseIcon@house" silver="1100" rating="11" tags="ground" priority="8" loadType="file">
                <dimension width="0" length="2" height="3.5" defaultZ="1"/>
                <placement floor="1" wall="1"/>
                <direction names="SW,SE"/>
            </item>
            <item id="window9" label="#window9Title" name="WindowRoseCurtain" icon="WindowRoseCurtainIcon@house" gold="12" rating="24" tags="ground" priority="9" loadType="file">
                <dimension width="0" length="2" height="4" defaultZ="1"/>
                <placement floor="1" wall="1"/>
                <direction names="SW,SE"/>
            </item>
            <item id="window10" label="#window10Title" name="WindowRound" icon="WindowRoundIcon@house" gold="8" rating="13" tags="ground" priority="10" loadType="file">
                <dimension width="0" length="2" height="2" defaultZ="3"/>
                <placement floor="1" wall="1"/>
                <direction names="SW,SE"/>
            </item>
            <item id="window11" label="#window11Title" name="WindowVintage" icon="WindowVintageIcon@house" gold="7" rating="11" tags="ground" priority="11" loadType="file">
                <dimension width="0" length="2" height="4.5" defaultZ="1"/>
                <placement floor="1" wall="1"/>
                <direction names="SW,SE"/>
            </item>
            <item id="window12" label="#window12Title" name="WindowWhite" icon="WindowWhiteIcon@house" silver="950" rating="9" tags="ground" priority="12" loadType="file">
                <dimension width="0" length="3" height="5" defaultZ="1"/>
                <placement floor="1" wall="1"/>
                <direction names="SW,SE"/>
            </item>

            
            <item id="window13" label="#window13Title" name="WindowArt" icon="WindowArtIcon@house" gold="19" rating="25" tags="ground" priority="13" loadType="file">
                <dimension width="0" length="2.5" height="5.5" defaultZ="0.2"/>
                <placement floor="1" wall="1"/>
                <direction names="SW,SE"/>
            </item>

            
            <item id="window14" label="#window14Title" name="WindowSchool" icon="WindowSchoolIcon@house" silver="2000" rating="20" tags="ground" priority="14" loadType="file">
                <dimension width="0" length="4" height="5" defaultZ="0.5"/>
                <placement floor="1" wall="1"/>
                <direction names="SW,SE"/>
            </item>

            
            <item id="wdwAln1" label="#windowAlien1Title" name="WindowAlienBlack" vipOnly="1" icon="WindowAlienBlackIcon@house" gold="29" rating="65" tags="ground" priority="15" loadType="file">
                <dimension width="0" length="5" height="2.5" defaultZ="2.5"/>
                <placement floor="1" wall="1"/>
                <direction names="SW,SE"/>
            </item>
            <item id="wdwAln2" label="#windowAlien2Title" name="WindowAlienWhite" vipOnly="1" icon="WindowAlienWhiteIcon@house" gold="29" rating="65" tags="ground" priority="16" loadType="file">
                <dimension width="0" length="5" height="2.5" defaultZ="2.5"/>
                <placement floor="1" wall="1"/>
                <direction names="SW,SE"/>
            </item>

            
            <item id="wdwArtNv1" label="#windowArtNouveauTitle" name="WindowArtNouveau" vipOnly="1" icon="WindowArtNouveauIcon@house" gold="55" rating="140" tags="ground" priority="17" loadType="file">
                <dimension width="0" length="2" height="3" defaultZ="1"/>
                <placement floor="1" wall="1"/>
                <direction names="SW,SE"/>
            </item>

            
            <item id="wdwPrns1" label="#windowPrincess1Title" name="WindowPrincess" vipOnly="1" icon="WindowPrincessIcon@house" gold="95" rating="245" tags="ground" priority="18" loadType="file">
                <dimension width="0" length="4" height="5" defaultZ="0.5"/>
                <placement floor="1" wall="1"/>
                <direction names="SW,SE"/>
            </item>
            <item id="wdwPrns2" label="#windowPrincess2Title" name="WindowVitragePrincess" icon="WindowVitragePrincessIcon@house" gold="38" rating="95" tags="ground" priority="19" loadType="file">
                <dimension width="0" length="2.5" height="4" defaultZ="1"/>
                <placement floor="1" wall="1"/>
                <direction names="SW,SE"/>
            </item>

            
            <item id="wdwCtr1" label="#windowCountryTitle" name="WindowCountry" vipOnly="1" icon="WindowCountryIcon@house" gold="42" rating="105" tags="ground" priority="20" loadType="file">
                <dimension width="0" length="1.2" height="5.5" defaultZ="0"/>
                <placement floor="1" wall="1"/>
                <direction names="SW,SE"/>
            </item>

            
            <item id="wdwIceNY14" label="#windowNY14IceTitle" name="WindowIce" holiday="newyear14" icon="WindowIceIcon@house" gold="180" rating="450" tags="ground" priority="21" loadType="file">
                <dimension width="0" length="2.2" height="5.5" defaultZ="0"/>
                <placement floor="1" wall="1"/>
                <direction names="SW,SE"/>
            </item>

            
            <item id="wdwFeb23" label="#windowFebruary23Label" name="WindowFebruary23" icon="WindowFebruary23Icon@house" gold="1499" rating="7500" tags="ground" priority="22" loadType="file" fileVersion="2">
                <dimension width="0" length="6.8" height="5" defaultZ="0.5"/>
                <placement floor="1" wall="1"/>
                <direction names="SW,SE"/>
            </item>

            
            <item id="wdwMya" label="#windowMayaLabel" name="WindowMaya" vipOnly="1" icon="WindowMayaIcon@house" gold="120" rating="300" tags="ground" priority="23" loadType="file">
                <dimension width="0" length="2" height="3" defaultZ="1"/>
                <placement floor="1" wall="1"/>
                <direction names="SW,SE"/>
            </item>

            
            <item id="wdwGRtr" label="#garageRetroWindow" name="WindowGarageRetro" icon="WindowGarageRetroIcon@house" silver="8500" rating="55" tags="ground" priority="24" loadType="file">
                <dimension width="0" length="3" height="1.6" defaultZ="3.6"/>
                <placement floor="1" wall="1"/>
                <direction names="SW,SE"/>
            </item>

            
            <item id="wdwGTch" label="#garageTechnoWindows" name="WindowGarageTechno" vipOnly="1" icon="WindowGarageTechnoIcon@house" gold="75" rating="200" tags="ground" priority="25" loadType="file">
                <dimension width="0" length="1.6" height="6" defaultZ="0"/>
                <placement floor="1" wall="1"/>
                <direction names="SW,SE"/>
            </item>

            
            <item id="wdwSantaHouse" label="#wdwSantaLabel" name="WindowSantaHouse" icon="WindowSantaHouseIcon@house" gold="400" rating="450" tags="ground" priority="21" loadType="file" canBuy="1">
                <dimension width="0" length="1.8" height="2.6" defaultZ="2"/>
                <placement floor="1" wall="1"/>
                <direction names="SW,SE"/>
            </item>

            
            <item id="wdwGrdGft" label="#wdwGrdGft" name="WindowGardenerGift" icon="WindowGardenerGiftIcon@house" gold="9999" rating="450" tags="ground" priority="22" loadType="file">
                <dimension width="0" length="9" height="6" defaultZ="0"/>
                <placement floor="1" wall="1"/>
                <direction names="SW,SE"/>
            </item>

            
            <item id="wdwTrBth" label="#wdwTrBth" name="WindowTropicalBedroom" icon="WindowTropicalBedroomIcon@house" gold="75" rating="190" tags="ground" priority="23" loadType="file">
                <dimension width="0" length="7" height="6" defaultZ="0"/>
                <placement floor="1" wall="1"/>
                <direction names="SW,SE"/>
            </item>

            
            <item id="wdwBlkRs" label="#wdwBlkRsLabel" name="BlackRoseWindow" holiday="halloween2015" icon="BlackRoseWindowIcon@house" gold="532" rating="1330" tags="ground" priority="24" loadType="file">
                <dimension width="0" length="7" height="6" defaultZ="0"/>
                <placement floor="1" wall="1"/>
                <direction names="SW,SE"/>
                <components>
                    <soundMovieClip/>
                </components>
            </item>

            
            <item id="ny2016Swdw" label="#ny2016wdw" name="WindowSnowboundPolar" icon="WindowPolarIcon@house" gold="99999" rating="1" tags="sit,ground,cantEdit" priority="25" loadType="file">
                <dimension width="0" length="7" height="7"/>
                <placement floor="1" wall="1"/>
                <direction names="SW"/>
            </item>
            <category id="ny16BrknWdw" visible="false">
                <item id="ny2016Dwdw" label="#ny2016wdw" name="WindowDarkPolar" icon="WindowPolarIcon@house" gold="99999" rating="1" tags="sit,ground,cantEdit" priority="26" loadType="file">
                    <dimension width="0" length="7" height="7"/>
                    <placement floor="1" wall="1"/>
                    <direction names="SW"/>
                </item>
            </category>
            <category id="ny16ActvWdw" visible="false">
                <item id="ny2016Lwdw" label="#ny2016wdw" name="WindowLightPolar" icon="WindowPolarIcon@house" gold="99999" rating="3999" tags="sit,ground,cantEdit" priority="27" loadType="file">
                    <dimension width="0" length="7" height="7"/>
                    <placement floor="1" wall="1"/>
                    <direction names="SW"/>
                </item>
            </category>

            
            <item id="shWdw" label="#shWdwLabel" name="WindowSuperHero" icon="WindowSuperHeroIcon@house" gold="730" rating="2555" tags="ground" priority="28" loadType="file" vipOnly="1">
                <dimension width="0" length="13" height="7"/>
                <placement floor="1" wall="1"/>
                <direction names="SW,SE"/>
            </item>

            
            <item id="prtrWdw" label="#prtrWdwLabel" name="WindowPirateRoom" icon="WindowPirateRoomIcon@house" gold="70" rating="175" tags="ground" priority="29" loadType="file">
                <dimension width="0" length="6.5" height="5.5" defaultZ="0"/>
                <placement floor="1" wall="1"/>
                <direction names="SW,SE"/>
            </item>

            
            <item id="gymWdw" label="#gymWdwLabel" name="WindowGym" icon="WindowGymIcon@house" gold="13" rating="32" tags="ground" priority="30" loadType="file">
                <dimension width="0" length="3" height="1.4" defaultZ="3.5"/>
                <placement floor="1" wall="1"/>
                <direction names="SW,SE"/>
            </item>

            
            <item id="pnRmWdw" label="#pnRmWdwLabel" name="WindowPianoRoom" icon="WindowPianoRoomIcon@house" gold="22" rating="55" tags="ground" priority="31" loadType="file">
                <dimension width="0" length="3" height="6" defaultZ="0"/>
                <placement floor="1" wall="1"/>
                <direction names="SW,SE"/>
            </item>

            
            <item id="hlwn18Wnd" label="#hlwn18WndLabel" name="WindowMoonView" icon="WindowMoonViewIcon@house" gold="49" rating="147" tags="ground" vipOnly="1" priority="32" loadType="file">
                <dimension width="0.05" length="2.5" height="5" defaultZ="1"/>
                <placement floor="1" wall="1"/>
                <direction names="SW,SE"/>
            </item>

            
            <item id="rtrCfWnd" label="#rtrCfWndLabel" name="WindowRetroCafe2019" icon="WindowRetroCafe2019Icon@house" silver="2300" rating="23" tags="ground" priority="33" loadType="file">
                <dimension width="0.05" length="3.3" height="3.8" defaultZ="1.5"/>
                <placement floor="1" wall="1"/>
                <direction names="SW,SE"/>
            </item>

            
            <item id="hw2019Wnd" label="#hw2019WndLabel" name="WindowHW2019" icon="WindowHW2019Icon@house" gold="39" rating="117" tags="ground" priority="34" loadType="file">
                <dimension width="0.05" length="2.8" height="3.7" defaultZ="2.3"/>
                <placement floor="1" wall="1"/>
                <direction names="SW,SE"/>
            </item>

            
            <item id="wndrlndWndw" label="#wndrlndWndwLabel" name="WonderlandWindow" icon="WonderlandWindowIcon@house" loadType="file" library="wonderland" gold="50" rating="125" priority="35">
                <dimension width="0" length="3.3" height="6"/>
                <placement floor="1" wall="1"/>
                <direction names="SW,SE"/>
            </item>
            
            <item id="rstrnt2019Wndw" label="#rstrnt2019WndwLabel" name="Restaurant2019Window" icon="Restaurant2019WindowIcon@house" loadType="file" library="restaurant2019" gold="45" rating="113" priority="36">
                <dimension width="0" length="3.6" height="6"/>
                <placement floor="1" wall="1"/>
                <direction names="SW,SE"/>
            </item>
            
            <item id="rtstWrkshpWndw" label="#rtstWrkshpWndwLabel" name="ArtistWorkshopWindow" icon="ArtistWorkshopWindowIcon@house" loadType="file" library="artistWorkshop" gold="65" rating="163" priority="37">
                <dimension width="0" length="3.6" height="6"/>
                <placement floor="1" wall="1"/>
                <direction names="SW,SE"/>
            </item>
        </category>

        <category id="4" label="#floorCategory" priority="4" logCategory2="floor">

            <item id="floor1" label="#floor1Title" name="FloorBase" icon="FloorBaseIcon@house" gold="0" silver="0" rating="1" buyCount="0" priority="1" loadType="file"/>
            <item id="floor2" label="#floor2Title" name="FloorCarpet" icon="FloorCarpetIcon@house" silver="300" rating="3" priority="2" loadType="file"/>
            <item id="floor3" label="#floor3Title" name="FloorCarpetDark" icon="FloorCarpetDarkIcon@house" silver="350" rating="3" priority="3" loadType="file"/>
            <item id="floor4" label="#floor4Title" name="FloorCarpetGrass" icon="FloorCarpetGrassIcon@house" silver="500" rating="5" priority="4" loadType="file"/>
            <item id="floor5" label="#floor5Title" name="FloorColorDark" icon="FloorColorDarkIcon@house" silver="220" rating="2" priority="5" loadType="file"/>
            <item id="floor6" label="#floor6Title" name="FloorEmbellishment" icon="FloorEmbellishmentIcon@house" gold="8" rating="13" priority="6" loadType="file"/>
            <item id="floor7" label="#floor7Title" name="FloorForget" icon="FloorForgetIcon@house" silver="300" rating="3" priority="7" loadType="file"/>
            <item id="floor8" label="#floor8Title" name="FloorParketBambuk" icon="FloorParketBambukIcon@house" gold="11" rating="22" priority="8" loadType="file"/>
            <item id="floor9" label="#floor9Title" name="FloorParketGonkalo" icon="FloorParketGonkaloIcon@house" gold="11" rating="22" priority="9" loadType="file"/>
            <item id="floor10" label="#floor10Title" name="FloorParketKempas" icon="FloorParketKempasIcon@house" gold="11" rating="22" priority="10" loadType="file"/>
            <item id="floor11" label="#floor11Title" name="FloorParketMahaon" icon="FloorParketMahaonIcon@house" gold="11" rating="22" priority="11" loadType="file"/>
            <item id="floor12" label="#floor12Title" name="FloorParketPalisandr" icon="FloorParketPalisandrIcon@house" gold="11" rating="22" priority="12" loadType="file"/>
            <item id="floor13" label="#floor13Title" name="FloorParketZebrano" icon="FloorParketZebranoIcon@house" gold="11" rating="22" priority="13" loadType="file"/>
            <item id="floor14" label="#floor14Title" name="FloorRose" icon="FloorRoseIcon@house" silver="350" rating="3" priority="13" loadType="file"/>
            <item id="floor15" label="#floor15Title" name="FloorTile" icon="FloorTileIcon@house" gold="7" rating="11" priority="15" loadType="file"/>
            <item id="floor16" label="#floor16Title" name="FloorTileBeige" icon="FloorTileBeigeIcon@house" gold="7" rating="11" priority="16" loadType="file"/>
            <item id="floor17" label="#floor17Title" name="FloorTileSmallDark" icon="FloorTileSmallDarkIcon@house" gold="6" rating="10" priority="17" loadType="file"/>
            <item id="floor18" label="#floor18Title" name="FloorTileSmallLight" icon="FloorTileSmallLightIcon@house" gold="7" rating="11" priority="18" loadType="file"/>
            <item id="floor19" label="#floor19Title" name="FloorTileSmallGrey" icon="FloorTileSmallGreyIcon@house" gold="6" rating="10" priority="19" loadType="file"/>
            <item id="floor20" label="#floor20Title" name="FloorMarbleVioletFrog" icon="FloorMarbleVioletFrogIcon@house" gold="16" rating="32" priority="20" loadType="file"/>
            <item id="floor21" label="#floor21Title" name="FloorMarbleArtDeco" icon="FloorMarbleArtDecoIcon@house" gold="13" rating="26" priority="21" loadType="file"/>
            <item id="floor22" label="#floor22Title" name="FloorParketDarkWood" icon="FloorParketDarkWoodIcon@house" gold="10" rating="20" priority="22" loadType="file"/>
            <item id="floor23" label="#floor23Title" name="FloorParketLine" icon="FloorParketLineIcon@house" silver="725" rating="7" priority="23" loadType="file"/>

            
            <item id="floor24" label="#floor24Title" name="FloorBrickLight" holiday="halloween" icon="FloorBrickLightIcon@house" gold="10" rating="17" priority="24" loadType="file"/>
            <item id="floor25" label="#floor25Title" name="FloorBrickDark" holiday="halloween" icon="FloorBrickDarkIcon@house" gold="10" rating="17" priority="25" loadType="file"/>

            
            <item id="floorWdn1" label="#floorWedding1Title" name="FloorHeartGrass" wedding="1" icon="FloorHeartGrassIcon@house" gold="17" rating="34" priority="26" loadType="file"/>

            
            <item id="floorNY1" label="#floorNY1Title" name="FloorSnow" holiday="NY" icon="FloorSnowIcon@house" gold="7" rating="12" priority="27" loadType="file"/>

            
            <item id="floorJpn1" label="#floorJapan1Title" name="FloorJapan" icon="FloorJapanIcon@house" gold="21" rating="48" priority="28" loadType="file"/>

            
            <item id="floorAlien1" label="#floorAlien1Title" name="FloorAlien" level="12" icon="FloorAlienIcon@house" silver="5700" rating="35" priority="29" loadType="file"/>

            
            <item id="floorArtNv1" label="#floorArtNouveau1Title" name="FloorArtNouveau" vipOnly="1" icon="FloorArtNouveauIcon@house" gold="75" rating="200" priority="30" loadType="file"/>

            
            <item id="floorPrns1" label="#floorPrincessTitle" name="FloorPrincess" icon="FloorPrincessIcon@house" gold="16" rating="33" priority="31" loadType="file"/>

            
            <item id="floorCtr1" label="#floorCountryTitle" name="FloorCountry" vipOnly="1" icon="FloorCountryIcon@house" gold="35" rating="90" priority="32" loadType="file"/>

            
            <item id="floorBch1" label="#floorBeachTitle" name="FloorBeach" vipOnly="1" icon="FloorBeachIcon@house" gold="24" rating="55" priority="33" loadType="file"/>

            
            <category id="intFloor" label="#intFloorCategory">
                <item id="intFlr1" label="#intFlr1Title" name="FloorDance" description="#floorDescription" vipOnly="1" icon="FloorDanceIcon@house" gold="450" rating="1500" priority="34" loadType="file" fileVersion="3"/>
                <item id="intFlr2" label="#intFlr2Title" name="FloorFlower" description="#floorDescription" vipOnly="1" icon="FloorFlowerIcon@house" gold="600" rating="2500" priority="35" loadType="file" fileVersion="3"/>
            </category>

            
            <item id="floorNY14" label="#floorNY14Title" name="FloorIceGrass" holiday="newyear14" icon="FloorIceIcon@house" gold="120" rating="300" priority="36" loadType="file"/>

            
            <item id="flrSV14" label="#floorSV14Title" name="FloorValentine" icon="FloorValentineIcon@house" gold="225" rating="450" priority="37" canBuy="1" loadType="file"/>

            
            <item id="flrFeb23" label="#floorFebruary23Label" name="FloorFebruary23" icon="FloorFebruary23Icon@house" gold="120" rating="300" priority="38" loadType="file"/>

            
            <item id="floorMya" label="#floorMayaLabel" name="FloorMaya" icon="FloorMayaIcon@house" gold="49" rating="125" priority="39" loadType="file"/>

            
            <item id="flrSD14" label="#floorSD14Label" name="FloorSD14" icon="FloorSD14Icon@house" gold="9999" rating="300" priority="40" loadType="file" tags="cantEdit"/>

            
            <item id="flrSD15" label="#floorSD15Label" name="FloorSD15" icon="FloorSD15Icon@house" gold="9999" rating="300" priority="40" loadType="file" tags="cantEdit"/>

            
            <category id="flrSPCategory" label="#flrSPCategory">
                <item id="flrSP" label="#floorSteampunkLabel" name="FloorStempunk" icon="FloorSteampunkIcon@house" gold="9999" rating="300" priority="40" loadType="file" tags="cantEdit"/>
            </category>

            
            <item id="flrNYRf" label="#floorNYRoofLabel" name="FloorNYRoof" icon="FloorNYRoofIcon@house" gold="18" rating="40" priority="41" loadType="file"/>

            
            <item id="flrSea" label="#floorSeaLabel" name="FloorSea" icon="FloorSeaIcon@house" gold="95" rating="250" priority="42" loadType="file"/>

            
            <item id="flrGRtr" label="#garageRetroFloor" name="FloorGarageRetro" icon="FloorGarageRetroIcon@house" gold="19" rating="40" priority="43" loadType="file"/>

            
            <item id="flrGTch" label="#garageTechnoFloor" name="FloorGarageTechno" vipOnly="1" icon="FloorGarageTechnoIcon@house" gold="95" rating="245" priority="44" loadType="file"/>

            
            <item id="floorSantaHouse" label="#floorSantaHouseLabel" name="FloorSantaHouse" icon="FloorSantaHouseIcon@house" gold="250" rating="300" priority="45" loadType="file" canBuy="1"/>

            
            <item id="floorSV15" label="#floorSV15Label" name="FloorSV15" icon="FloorSV15Icon@house" gold="150" rating="300" priority="46" loadType="file"/>

            
            <item id="flrCnn" label="#floorConanLabel" name="FloorConan" icon="FloorConanIcon@house" gold="40" rating="100" priority="47" loadType="file"/>

            
            <item id="flrGrdGft" label="#flrGrdGft" name="FloorGardenerGift" icon="FloorGardenerGiftIcon@house" gold="9999" rating="160" priority="48" loadType="file"/>

            
            <item id="flrTrBth" label="#flrTrBthLabel" name="FloorTropicalBedroom" icon="FloorTropicalBedroomIcon@house" gold="95" rating="240" priority="49" loadType="file"/>

            
            <item id="flrBlkRs" label="#flrBlkRsLabel" name="BlackRoseFloor" holiday="halloween2015" icon="BlackRoseFloorIcon@house" gold="459" rating="1148" priority="50" loadType="file">
                <components>
                    <soundMovieClip/>
                </components>
            </item>

            
            <item id="proPhtFlr" label="#proPhtFlrLabel" name="FloorPhotostudio" professionId="phtghr" professionLevel="4" icon="FloorPhotostudioIcon@house" gold="100" rating="300" priority="51" loadType="file"/>

            
            <item id="ny2016Sflr" label="#ny2016flr" name="FloorSnowboundPolar" tags="cantEdit" icon="FloorPolarIcon@house" gold="99999" rating="1" priority="52" loadType="file"/>
            <item id="ny2016Dflr" label="#ny2016flr" name="FloorDarkPolar" tags="cantEdit" icon="FloorPolarIcon@house" gold="99999" rating="1" priority="53" loadType="file"/>
            <item id="ny2016Lflr" label="#ny2016flr" name="FloorLightPolar" tags="cantEdit" icon="FloorPolarIcon@house" gold="99999" rating="499" priority="54" loadType="file"/>

            
            <item id="sd16Flr" label="#sd16FlrLabel" name="FloorSD16" icon="FloorSD16Icon@house" gold="9999" rating="149" priority="55" loadType="file" tags="cantEdit"/>

            
            <item id="shFlr" label="#shFlrLabel" name="FloorSuperHero" icon="FloorSuperHeroIcon@house" gold="70" rating="175" priority="56" loadType="file"/>

            
            <item id="prtrFlr" label="#prtrFlrLabel" name="FloorPirateRoom" icon="FloorPirateRoomIcon@house" gold="42" rating="105" priority="57" loadType="file"/>

            
            <item id="gymFlr" label="#gymFlrLabel" name="FloorGym" icon="FloorGymIcon@house" silver="1500" rating="15" priority="58" loadType="file"/>

            
            <item id="pnRmFlr" label="#pnRmFlrLabel" name="FloorPianoRoom" icon="FloorPianoRoomIcon@house" gold="20" rating="50" priority="59" loadType="file"/>

            
            <item id="rtrCfFlr" label="#rtrCfFlrLabel" name="FloorRetroCafe2019" icon="FloorRetroCafe2019Icon@house" silver="3600" rating="36" priority="60" loadType="file"/>

            
            <item id="hw2019Flr" label="#hw2019FlrLabel" name="FloorHW2019" icon="FloorHW2019Icon@house" gold="20" rating="60" priority="61" loadType="file"/>
            <item id="drgn2019Flr" label="#drgCvFlrLabel" name="FloorDragon2019" icon="FloorDragon2019Icon@house" gold="120" rating="360" priority="62" loadType="file"/>

            
            <item id="NY20Flr" label="#NY20FlrLabel" name="NY20Floor" icon="NY20FloorIcon@house" loadType="file" priority="63" silver="4500" rating="136"/>
            <item id="pdmNY20Flr" label="#pdmNY20FlrLabel" name="FloorPodium2020" icon="FloorPodium2020Icon@house" gold="60" rating="240" priority="64" loadType="file"/>

            
            <item id="wndrlndFlr" label="#wndrlndFlrLabel" name="WonderlandFloor" icon="WonderlandFloorIcon@house" loadType="file" library="wonderland" silver="5000" rating="50" priority="65"/>
            
            <item id="rstrnt2019Flr" label="#rstrnt2019FlrLabel" name="Restaurant2019Floor" icon="Restaurant2019FloorIcon@house" loadType="file" library="restaurant2019" gold="80" rating="200" priority="66"/>
            
            <item id="rtstWrkshpFlr" label="#rtstWrkshpFlrLabel" name="ArtistWorkshopFloor" icon="ArtistWorkshopFloorIcon@house" loadType="file" library="artistWorkshop" silver="7800" rating="78" priority="67"/>
        </category>
    </category>

    <category id="28" label="#roomCategory" typeClass="furniture" library="house" logCategory1="furniture" logCategory2="room">
        <item id="room1" label="#room1Title" name="RoomBase" icon="RoomBaseIcon@house" gold="5" silver="1000" saleSilver="100">

            <countLimit count="2" playerLevel="3"/>
            <countLimit count="3" playerLevel="5"/>
            <countLimit count="4" playerLevel="7"/>
            <countLimit count="5" playerLevel="9"/>

        </item>
    </category>

</config>
