<?xml version="1.0" encoding="UTF-8"?>
<module id="springDay2019" makePhotoFilmPrice="5">
    <awards>
        <award id="1" itemType="sticker" itemId="doveStickerPack" maxProgress="2000"
            icon="DoveStickers@springDay2019" receiveIcon="StickersAward@springDay2019"/>
    </awards>

    <resourcesConfig>
        <coin workDropCount="1" neighbourDropCount="1" vipPresentRatio="300"/>
    </resourcesConfig>

    <inventory>
        <category id="craftLoot">
            <item id="sd19Coin" description="#sd19CoinDescription" probability="1" gold="100"
                  name="Coin@springDay2019" icon="CoinCraftIcon@springDay2019" label="#sd19CoinTitle"/>
        </category>
    </inventory>

    <friendHints>
        <friendHint delay="3000" ttl="10000" message="#sd19FriendHelpMessage"/>
    </friendHints>

    <wishes count="3">
        <furniture>
            <item id="rtstWrkshpFlwr1" price="170"/>
            <item id="rtstWrkshpFlwr2" price="170"/>
            <item id="rtstWrkshpBttrfls" price="325"/>
            <item id="rtstWrkshpPntng1" price="240"/>
            <item id="rtstWrkshpPntng2" price="170"/>
            <item id="rtstWrkshpPntng3" price="285"/>
            <item id="rtstWrkshpPntng4" price="210"/>
            <item id="rtstWrkshpPntng5" price="210"/>
            <item id="rtstWrkshpPntng6" price="260"/>
            <item id="rtstWrkshpPrjctr" price="275"/>
            <item id="rtstWrkshpBrshs" price="105"/>
            <item id="rtstWrkshpCnvs" price="195"/>
            <item id="rtstWrkshpFlwrShlf" price="320"/>
            <item id="rtstWrkshpPntCps" price="90"/>
            <item id="rtstWrkshpPntShlf" price="360"/>
            <item id="rtstWrkshpPllt" price="110"/>
            <item id="rtstWrkshpBx" price="325"/>
            <item id="rtstWrkshpClTbl" price="495"/>
            <item id="rtstWrkshpTbl" price="440"/>
            <item id="rtstWrkshpChr" price="325"/>
            <item id="rtstWrkshpArmchr" price="260"/>
            <item id="rtstWrkshpWll" price="640"/>
            <item id="rtstWrkshpLft" price="630"/>
            <item id="rtstWrkshpWndw" price="520"/>
            <item id="rtstWrkshpFlr" price="625"/>

            <item id="rtrCfWll" price="155"/>
            <item id="rtrCfFlr" price="430"/>
            <item id="rtrCfWnd" price="275"/>
            <item id="rtrCfDr" price="275"/>
            <item id="rtrCfAnglSf" price="420"/>
            <item id="rtrCfSf" price="195"/>
            <item id="rtrCfBarChr" price="75"/>
            <item id="rtrCfGrnChr" price="95"/>
            <item id="rtrCfRdChr" price="80"/>
            <item id="rtrCfGrnPf" price="75"/>
            <item id="rtrCfRdPf" price="115"/>
            <item id="barCounterRtrCf" price="295"/>
            <item id="rndTblRtrCf" price="195"/>
            <item id="sqrTblRtrCf" price="300"/>
            <item id="rtrCfMscRcrd" price="70"/>
            <item id="rtrCfNeon" price="155"/>
            <item id="rtrCfClmn" price="85"/>
            <item id="rtrCfOvrh" price="45"/>
            <item id="rtrCfCctl" price="10"/>
            <item id="rtrCfSc" price="35"/>
            <item id="rtrCfSgnbrd" price="295"/>
            <item id="rtrCfClckOwl" price="110"/>
            <item id="rtrCfGumMchn" price="170"/>
            <item id="rtrCfMscMchn" price="260"/>
        </furniture>
        <tech>
            <item id="flrAq1" price="790"/>
            <item id="wllAq1" price="790"/>
            <item id="intFlr2" price="999"/>
            <item id="intFlr1" price="999"/>
            <item id="hrsAms1" price="790"/>
            <item id="hrsAms2" price="790"/>
            <item id="hrsAms3" price="820"/>
            <item id="bikeChpprRd" price="550"/>
            <item id="bikeChpprBl" price="550"/>
            <item id="bikeRsrGrn" price="550"/>
            <item id="colorWheel" price="400"/>
            <item id="colorBigCarpet" price="150"/>
            <item id="colorSmallCarpet" price="120"/>
        </tech>
        <clothes>
            <item id="boyTblSmlAm" price="720"/>
            <item id="girlTblSmlAm" price="720"/>
            <item id="boyTblSmlHp" price="720"/>
            <item id="girlTblSmlHp" price="720"/>
            <item id="boyTblSmlSh" price="720"/>
            <item id="girlTblSmlSh" price="720"/>
            <item id="boyHdbndBr" price="250"/>
            <item id="boyHdbndDr" price="250"/>
            <item id="girlHdbndBr" price="250"/>
            <item id="girlHdbndDr" price="250"/>
            <item id="boyFA18Msk1" price="820"/>
            <item id="boyFA18Msk2" price="820"/>
            <item id="boyFA18Msk3" price="820"/>
            <item id="boyFA18Msk4" price="820"/>
            <item id="boyFA18Msk5" price="280"/>
            <item id="boyFA18Msk6" price="280"/>
            <item id="girlFA18Msk1" price="820"/>
            <item id="girlFA18Msk2" price="820"/>
            <item id="girlFA18Msk3" price="820"/>
            <item id="girlFA18Msk4" price="820"/>
            <item id="girlFA18Msk5" price="280"/>
            <item id="girlFA18Msk6" price="280"/>
            <item id="boyKgrmBr" price="820"/>
            <item id="girlKgrmBr" price="820"/>
            <item id="boyKgrmDr" price="820"/>
            <item id="girlKgrmDr" price="820"/>
            <item id="boyGlssPxl" price="999"/>
            <item id="boyGlssNse" price="999"/>
            <item id="boyGlssAnm" price="999"/>
            <item id="boyGlssAln" price="999"/>
            <item id="boyGlssRbt" price="999"/>
            <item id="boyGlssEyes" price="999"/>
            <item id="girlGlssPxl" price="999"/>
            <item id="girlGlssEyes" price="999"/>
            <item id="girlGlssRbt" price="999"/>
            <item id="girlGlssAln" price="999"/>
            <item id="girlGlssAnm" price="999"/>
            <item id="girlGlssNse" price="999"/>
            <item id="boyMskHlb16" price="670"/>
            <item id="grlMskWtc16" price="670"/>
            <item id="boyHrEstr19" price="650"/>
            <item id="girlHrEstr19" price="650"/>
            <item id="boyFA18Nose" price="400"/>
            <item id="girlFA18Nose" price="400"/>

            <item id="boyPllwrWnt19Rckr" price="280"/>
            <item id="boyJcktWnt19Rckr" price="275"/>
            <item id="boyPntsWnt19Rckr" price="210"/>
            <item id="boyBtsWnt19Rckr" price="1020"/>
            <item id="boyHatWnt19Rckr" price="1000"/>

            <item id="boyPllwrWnt19Stl" price="155"/>
            <item id="boyJcktWnt19Stl" price="285"/>
            <item id="boyPntsWnt19Stl" price="160"/>
            <item id="boyBtsWnt19Stl" price="630"/>
            <item id="boyGlssWnt19Stl" price="215"/>
            <item id="boyGlvsWnt19Stl" price="840"/>

            <item id="boyTShrtWnt19Yllw" price="160"/>
            <item id="boyJcktWnt19Yllw" price="155"/>
            <item id="boyPntsWnt19Yllw" price="210"/>
            <item id="boyBtsWnt19Yllw" price="130"/>
            <item id="boyHatWnt19Yllw" price="80"/>

            <item id="boyPllwrWnt19Wht" price="580"/>
            <item id="boyPntsWnt19Wht" price="160"/>
            <item id="boyBtsWnt19Wht" price="135"/>
            <item id="boyGlssWnt19Wht" price="205"/>
            <item id="boyBgWnt19Wht" price="150"/>
            <item id="boySckrfWnt19Wht" price="35"/>
            <item id="boyScksWnt19Wht" price="145"/>

            <item id="girlPlvWnt19Wrm" price="260"/>
            <item id="girlSktWnt19Wrm" price="205"/>
            <item id="girlTghtWnt19Wrm" price="85"/>
            <item id="girlBtsWnt19Wrm" price="125"/>
            <item id="girlGlssWnt19Wrm" price="145"/>
            <item id="girlHatWnt19Wrm" price="180"/>
            <item id="girlBgWnt19Wrm" price="20"/>

            <item id="girlPlvWnt19Rd" price="205"/>
            <item id="girlPntsWnt19Rd" price="215"/>
            <item id="girlBtsWnt19Rd" price="150"/>
            <item id="girlErrWnt19Rd" price="120"/>
            <item id="girlBgWnt19Rd" price="150"/>

            <item id="girlTShrtWnt19Pnk" price="230"/>
            <item id="girlJcktWnt19Pnk" price="265"/>
            <item id="girlPntsWnt19Pnk" price="280"/>
            <item id="girlBtsWnt19Pnk" price="280"/>
            <item id="girlHatWnt19Pnk" price="185"/>
            <item id="girlErrWnt19Pnk" price="120"/>

            <item id="girlJcktWnt19Brg" price="350"/>
            <item id="girlDrssWnt19Brg" price="305"/>
            <item id="girlBtsWnt19Brg" price="370"/>
            <item id="girlGlssWnt19Brg" price="115"/>
            <item id="girlBgWnt19Brg" price="135"/>
        </clothes>
    </wishes>

    <messages>
        <message messageKey="sd19NpcMessage1"/>
        <message messageKey="sd19NpcMessage2"/>
        <message messageKey="sd19NpcMessage3"/>
        <message messageKey="sd19NpcMessage4"/>
        <message messageKey="sd19NpcMessage5"/>
        <message messageKey="sd19NpcMessage6"/>
        <message messageKey="sd19NpcMessage7"/>
        <message messageKey="sd19NpcMessage8"/>
        <message messageKey="sd19NpcMessage9"/>
        <message messageKey="sd19NpcMessage10"/>
    </messages>

    <poses>
        <pose id="1" view="PhotoPose1" avatarPose="PhotoPose4" gender="boy" rotate="0"/>
        <pose id="2" view="PhotoPose2" avatarPose="PhotoPose5" gender="boy" rotate="0"/>
        <pose id="3" view="PhotoPose3" avatarPose="PhotoPose3" gender="boy" rotate="1"/>
        <pose id="4" view="PhotoPose4" avatarPose="PhotoPose1" gender="boy" rotate="0"/>
        <pose id="5" view="PhotoPose5" avatarPose="PhotoPose1" gender="boy" rotate="0"/>
        <pose id="6" view="PhotoPose6" avatarPose="PhotoPose1" gender="boy" rotate="1"/>
        <pose id="7" view="PhotoPose7" avatarPose="PhotoPose1" gender="boy" rotate="0"/>

        <pose id="8" view="PhotoPose1" avatarPose="PhotoPose1" gender="girl" rotate="1"/>
        <pose id="9" view="PhotoPose2" avatarPose="PhotoPose5" gender="girl" rotate="0"/>
        <pose id="10" view="PhotoPose3" avatarPose="PhotoPose8" gender="girl" rotate="0"/>
        <pose id="11" view="PhotoPose4" avatarPose="PhotoPose9" gender="girl" rotate="1"/>
        <pose id="12" view="PhotoPose5" avatarPose="PhotoPose1" gender="girl" rotate="0"/>
        <pose id="13" view="PhotoPose6" avatarPose="PhotoPose1" gender="girl" rotate="1"/>
        <pose id="14" view="PhotoPose7" avatarPose="PhotoPose1" gender="girl" rotate="0"/>
    </poses>
</module>