<?xml version="1.0" encoding="UTF-8"?>

<module id="stval2020" heartsProgress="1500" heartsForFriend="2"
    activeProductionTime="86400" inactiveProductionTime="172800"
    friendsLimit="40" trophy="stVal2020">
    <inventory>
        <category id="craftLoot">
            <item id="heart" name="HeartLoot@stval2020" icon="HeartIcon@stval2020" label="#heartLootLabel"
                description="#heartLootDescrioption" probability="1" gold="5" silver="0" canTrade="0" canSale="0" />
        </category>
    </inventory>

    <packs>
        <pack id="heartsPack1" icon="heartsPack1" heartsCount="1" gold="1"/>
        <pack id="heartsPack150" icon="heartsPack2" heartsCount="150" gold="100" bonus="10"/>
        <pack id="heartsPack300" icon="heartsPack3" heartsCount="450" gold="300" bonus="50"/>
        <pack id="heartsPack900" icon="heartsPack4" heartsCount="900" gold="600" bonus="150"/>
    </packs>

    <shops title="#shopsTitle">
        <item id="sv20Shop" index="8" category="dialog" targetId="sv20Shop">
            <icon name="SV20ShopIcon@stval2020" title="#sv2020ShopDialogTitle" titleGlowColor="0x9a162b"/>
        </item>
    </shops>

    <shop>
        <category id="sv20" typeClass="SV20ShopItemType" priority="0">
            <category id="sv20Clothes" label="#clothesShopTitle" type="clothes" priority="1">
                <category id="ny20ClothesSets" label="#ny20ClothesSetsLabel" type="clothesSet" priority="0">
                    <item id="sv14bv" hearts="750" priority="1"/>
                    <item id="stval15bs" hearts="650" priority="2"/>
                    <item id="boySV18Set" hearts="760" priority="3"/>
                    <item id="boySV19Set" hearts="1040" priority="4"/>
                    <item id="boySV20PrncSet" hearts="730" priority="5"/>
                    <item id="boySV20AldnSet" hearts="970" priority="6"/>

                    <item id="sv14gv" hearts="1000" priority="7"/>
                    <item id="stval15gs" hearts="712" priority="8"/>
                    <item id="girlSV18Set" hearts="770" priority="9"/>
                    <item id="girlSV19Set" hearts="1040" priority="10"/>
                    <item id="girlSV20CndrlSet" hearts="790" priority="11"/>
                    <item id="girlSV20JsmnSet" hearts="970" priority="12"/>
                </category>

                <category id="sv20TopClothes" label="#clothesCategoryTops" type="clothes" priority="1">
                    <item id="boySV14Armor" hearts="400" priority="1"/>
                    <item id="boyJcktRcc" hearts="200" priority="2"/>
                    <item id="boyTShtRcc" hearts="140" priority="3"/>
                    <item id="boySV18Jckt" hearts="300" priority="4"/>
                    <item id="boySV18Shrt" hearts="180" priority="5"/>
                    <item id="boyTShrtSV19" hearts="210" priority="6"/>
                    <item id="boyJcktSV19" hearts="320" priority="7"/>

                    <item id="grlSV14Drss" hearts="400" priority="8"/>
                    <item id="grlDrssRcc" hearts="300" priority="9"/>
                    <item id="girlSV18Drs" hearts="320" priority="10"/>
                    <item id="girlDrssSV19" hearts="480" priority="11"/>

                    <item id="boyJcktSV20Prnc" hearts="200" priority="12"/>
                    <item id="boyJcktSV20Aldn" hearts="150" priority="13"/>

                    <item id="girlDrssSV20Cndrl" hearts="300" priority="14"/>
                    <item id="girlTopSV20Jsmn" hearts="250" priority="15"/>
                </category>

                <category id="sv20BottomClothes" label="#clothesCategoryBottoms" type="clothes" priority="2">
                    <item id="boySV14Pnts" hearts="100" priority="1"/>
                    <item id="boyPtsRcc" hearts="100" priority="2"/>
                    <item id="boySV18Pnts" hearts="150" priority="3"/>
                    <item id="boyPntsSV19" hearts="240" priority="4"/>

                    <item id="boyPntsSV20Prnc" hearts="130" priority="5"/>
                    <item id="boyPntsSV20Aldn" hearts="100" priority="6"/>

                    <item id="girlPntsSV20Jsmn" hearts="200" priority="4"/>
                </category>

                <category id="sv20ClothesShoes" label="#clothesCategoryShoes" type="clothes" priority="3">
                    <item id="boySV14Shs" hearts="100" priority="1"/>
                    <item id="boyShsRcc" hearts="80" priority="2"/>
                    <item id="boySV18Bts" hearts="130" priority="3"/>
                    <item id="boyBtsSV19" hearts="120" priority="4"/>

                    <item id="grlSV14Shs" hearts="70" priority="5"/>
                    <item id="grlShsRcc" hearts="62" priority="6"/>
                    <item id="girlSV18Shs" hearts="120" priority="7"/>
                    <item id="girlBtsSV19" hearts="200" priority="8"/>

                    <item id="boyBtsSV20Prnc" hearts="80" priority="9"/>
                    <item id="boyBtsSV20Aldn" hearts="130" priority="10"/>

                    <item id="girlBtsSV20Cndrl" hearts="130" priority="11"/>
                    <item id="girlBtsSV20Jsmn" hearts="120" priority="12"/>
                </category>

                <category id="sv20ClothesOther" label="#clothesCategoryOther" type="clothes" priority="4">
                    <item id="boySV14Qvr" hearts="400" priority="1"/>
                    <item id="boySV14Bow" hearts="600" priority="2"/>
                    <item id="boySV14Neck" hearts="150" priority="3"/>
                    <item id="boyHrRcc" hearts="80" priority="4"/>
                    <item id="boyScksRcc" hearts="50" priority="5"/>
                    <item id="boySV18Rose" hearts="90" priority="6"/>
                    <item id="boyHatSV19Vlntn" hearts="140" priority="7"/>
                    <item id="boySV19VlntnWngs" hearts="400" priority="8"/>
                    <item id="boyGlssSV19" hearts="150" priority="9"/>

                    <item id="grlSV14Nimb" hearts="500" priority="10"/>
                    <item id="girlSV14Wngs" hearts="700" priority="11"/>
                    <item id="grlSV14Errngs" hearts="120" priority="12"/>
                    <item id="grlSV14Nck" hearts="170" priority="13"/>
                    <item id="grlSV14rim" hearts="150" priority="14"/>
                    <item id="grlSV14Stck" hearts="90" priority="15"/>
                    <item id="grlAcsFnRcc" hearts="150" priority="16"/>
                    <item id="grlHrRcc" hearts="120" priority="17"/>
                    <item id="grlLcsRcc" hearts="80" priority="18"/>
                    <item id="grlUnwrRcc" hearts="120" priority="19"/>
                    <item id="girlSV18Rose" hearts="90" priority="20"/>
                    <item id="girlSV18Dcr" hearts="160" priority="21"/>
                    <item id="girlSV18Glvs" hearts="80" priority="22"/>
                    <item id="girlHatSV19Vlntn" hearts="140" priority="23"/>
                    <item id="girlSV19VlntnWngs" hearts="400" priority="24"/>
                    <item id="girlBrclSV19" hearts="80" priority="25"/>
                    <item id="girlNcklSV19" hearts="150" priority="26"/>
                    <item id="girlErrSV19" hearts="130" priority="27"/>

                    <item id="boyGlvsSV20Prnc" hearts="140" priority="28"/>
                    <item id="boyAcsSV20Prnc" hearts="180" priority="29"/>
                    <item id="boyHatSV20Aldn" hearts="150" priority="30"/>
                    <item id="boyErrSV20Aldn" hearts="170" priority="31"/>
                    <item id="boyAcsSV20Aldn" hearts="270" priority="32"/>

                    <item id="girlGlvsSV20Cndrl" hearts="100" priority="33"/>
                    <item id="girlNcklSV20Cndrl" hearts="80" priority="34"/>
                    <item id="girlErrSV20Cndrl" hearts="120" priority="35"/>
                    <item id="girlDcrSV20Cndrl" hearts="60" priority="36"/>

                    <item id="girlNcklSV20Jsmn" hearts="90" priority="37"/>
                    <item id="girlErrSV20Jsmn" hearts="200" priority="38"/>
                    <item id="girlDcrSV20Jsmn" hearts="110" priority="39"/>
                </category>
            </category>

            <category id="sv20Furniture" label="#furnitureCategory" type="furniture" priority="2">
                <category id="sv20Furniture2014" label="2014" type="furniture" priority="1">
                    <item id="lmpSV14" hearts="120" priority="1"/>
                    <item id="cstlSV14" hearts="1200" priority="2"/>
                    <item id="lvmtrSV14" hearts="400" priority="3"/>
                    <item id="drSV14" hearts="650" priority="4"/>
                    <item id="wllSV14" hearts="500" priority="5"/>
                    <item id="flrSV14" hearts="450" priority="6"/>
                    <item id="chrSV14" hearts="50" priority="7"/>
                    <item id="tblSV14" hearts="110" priority="8"/>
                </category>

                <category id="sv20Furniture2015" label="2015" type="furniture" priority="2">
                    <item id="drSV15" hearts="350" priority="1"/>
                    <item id="wallSV15" hearts="500" priority="2"/>
                    <item id="floorSV15" hearts="300" priority="3"/>
                    <item id="vaseSV15" hearts="70" priority="4"/>
                    <item id="sfSV15" hearts="350" priority="5"/>
                    <item id="lvprpvnSV15" hearts="200" priority="6"/>
                </category>


                <category id="sv20Furniture2018" label="2018" type="furniture" priority="3">
                    <item id="armchairSV18" hearts="190" priority="1"/>
                </category>

                <category id="sv20Furniture2019" label="2019" type="furniture" priority="4">
                    <item id="wddnCar" hearts="400" priority="1"/>
                </category>

                <category id="sv20Furniture2020" label="2020" type="furniture" priority="5">
                    <item id="sv20Bllns" hearts="200" priority="1"/>
                    <item id="sv20Vase" hearts="90" priority="2"/>
                    <item id="sv20TCndl" hearts="30" priority="3"/>
                    <item id="sv20Wnglls" hearts="20" priority="4"/>
                    <item id="sv20Heart" hearts="110" priority="5"/>
                    <item id="sv20Poof" hearts="180" priority="6"/>
                    <item id="sv20Table" hearts="250" priority="7"/>
                    <item id="sv20Tblwr" hearts="40" priority="8"/>
                </category>

            </category>
        </category>
    </shop>
    
</module>

