<?xml version="1.0" ?>
<map width="37" length="30">
  <viewport x="423" y="-470" width="1195" height="840"/>
  <items>
    <item class="backgroundItem" skin="PublicBeachBackground@publicBeach" wy="-8.1" wx="21.3"/>
    <item class="landscapeItem" wy="22.015625" kind="beachBridge" wz="0" wx="20.703125" id="landscapeItem3"/>
    <item class="walkingGridItem" cols="37" rows="30">
      <grid>
        <row values="0,0,0,0,0,0,0,0,0,0,0,0,0,0,0,0,0,0,1,1,0,0,0,0,0,0,1,0,0,0,0,0,0,0,0,0,0"/>
        <row values="0,0,0,0,0,0,0,0,0,0,0,0,0,0,0,0,0,0,1,1,0,0,0,0,0,0,1,0,0,0,0,0,0,0,0,0,0"/>
        <row values="0,0,0,0,0,0,0,0,0,0,0,1,1,1,1,1,1,1,1,1,1,1,1,1,1,1,1,0,0,0,0,0,0,0,0,0,0"/>
        <row values="0,0,0,0,0,0,0,0,0,0,1,1,1,1,1,1,1,1,1,1,1,1,1,1,1,1,1,0,0,0,0,0,1,0,0,0,0"/>
        <row values="0,0,0,0,0,0,0,0,0,0,0,0,0,0,1,1,1,1,1,1,1,1,0,0,0,0,0,0,0,0,0,1,1,0,0,0,0"/>
        <row values="0,0,0,0,0,0,0,0,1,1,1,1,1,0,1,1,1,1,1,1,1,1,0,1,1,1,1,1,1,1,1,1,1,0,0,0,0"/>
        <row values="0,0,0,0,0,0,0,1,1,1,1,1,1,0,1,1,1,1,1,1,1,1,0,1,1,1,1,1,1,1,1,1,1,0,0,0,0"/>
        <row values="0,0,0,0,0,0,1,1,1,1,1,1,1,0,1,1,1,1,1,1,1,1,0,1,1,1,1,0,0,0,0,0,1,0,0,0,0"/>
        <row values="0,0,0,0,0,1,1,1,1,1,1,1,1,0,1,1,1,1,1,1,1,1,0,1,1,1,1,0,0,0,0,0,1,0,0,0,0"/>
        <row values="0,0,0,0,1,1,1,1,1,1,1,1,1,1,1,1,1,1,1,1,1,1,1,1,1,1,1,0,0,0,0,0,1,0,0,0,0"/>
        <row values="0,0,0,1,1,1,1,1,1,1,1,1,1,1,1,1,1,1,1,1,1,1,1,1,1,1,1,0,0,0,0,0,1,0,0,0,0"/>
        <row values="0,0,0,0,1,1,1,1,1,1,1,1,1,1,1,1,1,1,1,1,1,1,1,1,1,1,1,0,0,0,0,0,1,0,0,0,0"/>
        <row values="0,0,0,0,0,1,1,1,1,1,1,1,1,1,1,1,1,1,1,1,1,1,1,1,1,1,1,0,0,0,0,0,1,0,0,0,0"/>
        <row values="0,0,0,0,0,0,1,1,1,1,1,1,1,1,1,1,1,1,1,1,1,1,1,1,1,1,1,0,0,0,0,0,1,0,0,0,0"/>
        <row values="0,0,0,0,0,0,0,1,1,1,1,1,1,1,1,1,1,1,1,1,1,1,1,1,1,1,1,1,1,1,1,1,1,1,1,1,0"/>
        <row values="0,0,0,0,0,0,0,0,1,1,1,1,1,1,1,1,1,1,1,1,1,1,1,1,1,1,1,1,1,1,1,1,1,1,1,0,0"/>
        <row values="0,0,0,0,0,0,0,0,0,1,1,1,1,1,1,1,1,1,1,1,1,1,1,1,1,1,1,1,1,1,1,1,1,1,0,0,0"/>
        <row values="0,0,0,0,0,0,0,0,0,1,1,1,1,1,1,1,1,1,1,1,1,1,1,1,1,1,1,1,1,1,1,1,1,0,0,0,0"/>
        <row values="0,0,0,0,0,0,0,0,0,0,1,1,1,1,1,1,1,1,1,1,1,1,1,1,1,1,1,1,1,1,1,1,0,0,0,0,0"/>
        <row values="0,0,0,0,0,0,0,0,0,0,0,1,1,1,1,1,1,1,1,1,1,1,1,1,1,1,1,1,1,1,1,0,0,0,0,0,0"/>
        <row values="0,0,0,0,0,0,0,0,0,0,0,0,1,1,1,1,1,1,1,1,1,1,1,1,1,1,1,1,1,1,0,0,0,0,0,0,0"/>
        <row values="0,0,0,0,0,0,0,0,0,0,0,0,0,1,1,1,1,1,1,1,1,1,0,1,1,1,1,1,1,0,0,0,0,0,0,0,0"/>
        <row values="0,0,0,0,0,0,0,0,0,0,0,0,0,0,1,1,1,1,1,0,0,1,0,1,1,1,1,1,0,0,0,0,0,0,0,0,0"/>
        <row values="0,0,0,0,0,0,0,0,0,0,0,0,0,0,0,1,1,1,1,0,0,1,0,1,1,1,1,0,0,0,0,0,0,0,0,0,0"/>
        <row values="0,0,0,0,0,0,0,0,0,0,0,0,0,0,0,0,0,1,1,0,0,1,0,1,1,1,0,0,0,0,0,0,0,0,0,0,0"/>
        <row values="0,0,0,0,0,0,0,0,0,0,0,0,0,0,0,0,0,0,0,0,0,1,0,0,1,0,0,0,0,0,0,0,0,0,0,0,0"/>
        <row values="0,0,0,0,0,0,0,0,0,0,0,0,0,0,0,0,0,0,0,0,0,1,0,0,0,0,0,0,0,0,0,0,0,0,0,0,0"/>
        <row values="0,0,0,0,0,0,0,0,0,0,0,0,0,0,0,0,0,0,0,0,0,0,0,0,0,0,0,0,0,0,0,0,0,0,0,0,0"/>
        <row values="0,0,0,0,0,0,0,0,0,0,0,0,0,0,0,0,0,0,0,0,0,0,0,0,0,0,0,0,0,0,0,0,0,0,0,0,0"/>
        <row values="0,0,0,0,0,0,0,0,0,0,0,0,0,0,0,0,0,0,0,0,0,0,0,0,0,0,0,0,0,0,0,0,0,0,0,0,0"/>
      </grid>
    </item>
    <item class="landscapeItem" wy="7" kind="beachBar" wz="0" wx="27" id="landscapeItem10"/>
    <item class="landscapeItem" wy="4.609375" kind="beachParapet1" wz="0" wx="21.921875" id="landscapeItem13"/>
    <item class="landscapeItem" wy="4.65625" kind="beachParapet2" wz="0" wx="8.15625" id="landscapeItem14"/>
    <item class="landscapeItem" wy="4.453125" kind="beachParapet2" wz="0" wx="22.453125" id="landscapeItem15"/>
    <item class="publicLieItem" wy="20" direction="SW" kind="beachLounge" wz="0" wx="26" id="publicLieItem9"/>
    <item class="publicLieItem" wy="17" direction="SW" kind="beachLounge" wz="0" wx="26" id="publicLieItem10"/>
    <item class="landscapeItem" wy="18.3125" kind="beachUmbrella" wz="0" wx="29.1875" id="landscapeItem11"/>
    <item class="publicLieItem" wy="15" direction="SE" kind="beachLounge" wz="0" wx="14" id="publicLieItem12"/>
    <item class="publicLieItem" wy="15" direction="SE" kind="beachLounge" wz="0" wx="16" id="publicLieItem13"/>
    <item class="publicLieItem" wy="15" direction="SE" kind="beachLounge" wz="0" wx="20" id="publicLieItem14"/>
    <item class="publicLieItem" wy="15" direction="SE" kind="beachLounge" wz="0" wx="22" id="publicLieItem15"/>
    <item class="landscapeItem" wy="15" kind="beachTable" wz="0" wx="18" id="landscapeItem16"/>
    <item class="landscapeItem" wy="14.15625" kind="beachUmbrella" wz="0" wx="18.21875" id="landscapeItem17"/>
    <item class="publicLieItem" wy="5" direction="SE" kind="beachLounge" wz="0" wx="8" id="publicLieItem18"/>
    <item class="publicLieItem" wy="5" direction="SE" kind="beachLounge" wz="0" wx="11" id="publicLieItem19"/>
    <item class="landscapeItem" wy="5.296875" kind="beachUmbrella" wz="0" wx="10.109375" id="landscapeItem20"/>
    <item class="landscapeItem" wy="4.75" kind="beachParapet1" wz="0" wx="13.0625" id="landscapeItem21"/>
    <item class="sitItem" wy="7" direction="SW" kind="beachBarChair" wz="0" wx="26" id="sitItem22"/>
    <item class="sitItem" wy="9" direction="SW" kind="beachBarChair" wz="0" wx="26" id="sitItem23"/>
    <item class="sitItem" wy="11" direction="SW" kind="beachBarChair" wz="0" wx="26" id="sitItem24"/>
    <item class="sitItem" wy="13" direction="SW" kind="beachBarChair" wz="0" wx="26" id="sitItem25"/>
    <item class="beachActiveSurf" wy="24.453125" kind="beachSurf" wz="0" wx="12.078125" id="beachActiveSurf26"/>
    <item class="dispositionItem" wy="3.890625" wx="18.578125" id="dispositionItem27"/>
    <item class="dispositionItem" wy="15.015625" wx="10.953125" id="dispositionItem27"/>
    <item class="dispositionItem" wy="15" wx="26" id="dispositionItem28"/>
    <item class="beachExitItem" kind="publicBeachExit" wx="17.859375" roomId="br1" wy="1.171875" locationId="ballroom" wz="0" id="beachExitItem29"/>
    <item class="kotexPhotoBoxItem" wy="11" kind="kotexPhotoBox" wz="0" wx="9" id="kotexPhotoBoxItem30"/>
    <item class="kotexStandItem" wy="6" kind="kotexStand" wz="0" wx="20" id="kotexStandItem31"/>
  </items>
</map>