<?xml version="1.0" ?>
<map width="29" length="31">
    <viewport x="265" y="-401" width="1200" height="840"/>
    <items>
        <item class="backgroundItem" wy="-8.4" wx="16.7" skin="WeddingBackground@weddingBeach"/>
        <item class="walkingGridItem" cols="29" rows="31">
            <grid>
                <row values="0,0,0,0,0,0,0,0,0,0,0,0,0,0,0,1,0,0,1,1,1,1,0,0,0,0,0,0,0"/>
                <row values="0,0,0,0,0,0,0,0,0,0,0,0,0,0,1,1,1,1,1,1,1,1,0,0,0,0,0,0,0"/>
                <row values="0,0,0,0,0,0,0,0,0,0,0,0,0,1,1,1,1,1,1,1,1,0,0,0,0,0,0,0,0"/>
                <row values="0,0,0,0,0,0,0,0,0,0,0,1,1,1,1,1,1,1,1,1,1,0,0,0,0,0,0,0,0"/>
                <row values="0,0,0,0,0,0,0,0,0,1,1,1,1,1,1,1,1,1,1,1,1,0,0,0,0,0,0,0,0"/>
                <row values="0,0,0,0,0,0,0,1,1,1,1,1,1,1,1,1,1,1,1,1,1,0,0,0,0,0,0,0,0"/>
                <row values="0,0,0,0,0,0,1,1,1,1,1,1,1,1,1,1,1,1,1,1,1,1,0,0,0,0,0,0,0"/>
                <row values="0,0,0,0,0,1,1,1,1,1,1,1,1,1,1,1,1,1,1,1,1,1,1,1,0,0,0,0,0"/>
                <row values="0,0,0,0,1,1,1,1,1,1,1,1,1,1,1,1,1,1,1,1,1,1,1,1,1,0,0,0,0"/>
                <row values="0,0,0,0,1,1,1,1,1,1,1,1,1,1,1,1,1,1,1,1,1,1,1,1,1,1,0,0,0"/>
                <row values="0,0,0,1,1,1,1,1,1,1,1,1,1,1,1,1,1,1,1,1,1,1,1,1,1,1,1,0,0"/>
                <row values="0,0,0,1,1,1,1,1,1,1,1,1,1,1,1,1,1,1,1,1,1,1,1,1,1,1,1,0,0"/>
                <row values="0,0,0,1,1,1,1,1,1,1,1,1,1,1,1,1,1,1,1,1,1,1,1,1,1,1,1,1,0"/>
                <row values="0,0,1,1,1,1,1,1,1,1,1,1,1,1,1,1,1,1,1,1,1,1,1,1,1,1,1,1,0"/>
                <row values="0,0,1,1,1,1,1,1,1,1,1,1,1,1,1,1,1,1,1,1,1,1,1,1,1,1,1,1,0"/>
                <row values="0,1,1,1,1,1,1,1,1,1,1,1,1,1,1,1,1,1,1,1,1,1,1,1,1,1,1,1,0"/>
                <row values="1,1,1,1,1,1,1,1,1,1,1,1,1,1,1,1,1,1,1,1,1,1,1,1,1,1,1,0,0"/>
                <row values="0,1,1,1,1,1,1,1,1,1,1,1,1,1,1,1,1,1,1,1,1,1,1,1,1,1,0,0,0"/>
                <row values="0,0,0,1,1,1,1,1,1,1,1,1,1,1,1,1,1,1,1,1,1,1,1,1,1,1,0,0,0"/>
                <row values="0,0,0,0,1,1,1,1,1,1,1,1,1,1,1,1,1,1,1,1,1,1,1,1,1,0,0,0,0"/>
                <row values="0,0,0,0,1,1,1,1,1,1,1,1,1,1,1,1,1,1,1,1,1,1,1,1,1,0,0,0,0"/>
                <row values="0,0,0,0,0,0,0,1,1,1,1,1,1,1,1,1,1,1,1,1,1,1,1,1,0,0,0,0,0"/>
                <row values="0,0,0,0,0,0,0,0,1,1,1,1,1,1,1,1,1,1,1,1,1,1,1,0,0,0,0,0,0"/>
                <row values="0,0,0,0,0,0,0,0,0,1,1,1,1,1,1,1,1,1,1,1,1,1,0,0,0,0,0,0,0"/>
                <row values="0,0,0,0,0,0,0,0,0,1,1,1,1,1,1,1,1,1,1,1,1,0,0,0,0,0,0,0,0"/>
                <row values="0,0,0,0,0,0,0,0,0,1,1,1,1,1,1,1,1,1,1,1,0,0,0,0,0,0,0,0,0"/>
                <row values="0,0,0,0,0,0,0,0,0,1,1,1,1,1,1,1,1,1,1,0,0,0,0,0,0,0,0,0,0"/>
                <row values="0,0,0,0,0,0,0,0,0,1,1,1,1,1,1,1,1,1,0,0,0,0,0,0,0,0,0,0,0"/>
                <row values="0,0,0,0,0,0,0,0,0,0,1,1,1,1,1,1,1,0,0,0,0,0,0,0,0,0,0,0,0"/>
                <row values="0,0,0,0,0,0,0,0,0,0,0,0,1,1,1,1,0,0,0,0,0,0,0,0,0,0,0,0,0"/>
                <row values="0,0,0,0,0,0,0,0,0,0,0,0,0,0,0,0,0,0,0,0,0,0,0,0,0,0,0,0,0"/>
            </grid>
        </item>
        <item class="publicArchItem" direction="SW" kind="arcWeddingBeach" wx="8" wz="0" wy="12" id="landscapeItem13"/>
        <item class="landscapeItem" kind="tableWeddingBeach" wx="5" wz="0" wy="14" id="landscapeItem4"/>
        <item class="sitItem" direction="SW" kind="benchWeddingBeach" wx="16" wz="0" wy="8" id="landscapeItem5"/>
        <item class="sitItem" direction="SW" kind="benchWeddingBeach" wx="19" wz="0" wy="8" id="landscapeItem6"/>
        <item class="sitItem" direction="SW" kind="benchWeddingBeach" wx="22" wz="0" wy="8" id="landscapeItem7"/>
        <item class="sitItem" direction="SW" kind="benchWeddingBeach" wx="22" wz="0" wy="17" id="landscapeItem8"/>
        <item class="sitItem" direction="SW" kind="benchWeddingBeach" wx="19" wz="0" wy="17" id="landscapeItem9"/>
        <item class="sitItem" direction="SW" kind="benchWeddingBeach" wx="16" wz="0" wy="17" id="landscapeItem10"/>
        <item class="bottleWeddingBeachItem" kind="bottleWeddingBeach" wx="12" wz="0" wy="2" id="landscapeItem21"/>
        <item class="sitItem" direction="SE" kind="boatWeddingBeach" wx="8.6" wz="0" wy="25" id="landscapeItem12"/>
        <item class="dispositionItem" wx="17" wy="5" id="dispositionItem1"/>
        <item class="dispositionItem" wx="12" wy="20" id="dispositionItem2"/>
        <item class="dispositionItem" wx="18" wy="23" id="dispositionItem3"/>
    </items>
</map>