<?xml version="1.0" ?>
<map width="35" length="35">
    <viewport x="519" y="-590" width="1194" height="840"/>
    <items>
        <item class="backgroundItem" wx="26.59375" skin="BallroomBackground@halloween2017" wy="-10.40625"/>
        <item class="walkingGridItem" cols="35" rows="35">
            <grid>
                <row values="0,0,0,0,0,0,0,0,0,0,0,0,0,0,0,0,0,0,0,0,0,0,0,0,0,0,0,0,0,0,0,0,0,0,0"/>
                <row values="0,0,0,0,0,0,0,0,0,0,0,0,0,0,0,0,0,0,0,0,1,0,0,0,1,1,0,0,0,0,0,0,0,0,0"/>
                <row values="0,0,0,0,0,0,0,0,0,0,0,0,0,0,0,0,0,0,0,0,1,0,0,1,1,1,1,1,0,0,0,0,0,0,0"/>
                <row values="0,0,0,0,0,0,0,0,0,0,0,0,0,0,0,0,0,0,0,1,1,1,1,1,1,1,1,1,1,0,0,0,0,0,0"/>
                <row values="0,0,0,0,0,0,0,0,0,0,0,0,1,1,0,0,0,0,1,1,1,1,1,1,1,1,1,1,1,1,0,0,0,0,0"/>
                <row values="0,0,0,0,0,0,0,0,0,0,0,1,1,1,0,0,0,1,1,1,1,1,1,1,1,1,1,1,1,1,1,0,0,0,0"/>
                <row values="0,0,0,0,0,0,0,0,0,0,1,1,1,1,1,1,1,1,1,1,1,1,1,1,1,1,1,1,1,1,1,1,0,0,0"/>
                <row values="0,0,0,0,0,0,0,0,0,1,1,1,1,1,1,1,1,1,1,1,1,1,1,1,1,1,1,1,1,1,1,1,1,0,0"/>
                <row values="0,0,0,0,0,0,0,0,1,1,1,1,1,1,1,1,1,1,1,1,1,1,1,1,1,1,1,1,1,1,1,1,1,0,0"/>
                <row values="0,0,0,0,0,0,0,1,1,1,1,1,1,1,1,1,1,1,1,1,1,1,1,1,1,1,1,1,1,1,1,1,1,1,0"/>
                <row values="0,0,0,0,0,0,1,1,1,1,1,1,1,1,1,1,1,1,1,1,1,1,1,1,1,1,1,1,1,1,1,1,1,1,0"/>
                <row values="0,0,0,0,0,1,1,1,1,1,1,1,1,1,1,1,1,1,1,1,1,1,1,1,1,1,1,1,1,1,1,1,1,0,0"/>
                <row values="0,0,0,0,1,1,1,1,1,1,1,1,1,1,1,1,1,1,1,1,1,1,1,1,1,1,1,1,1,1,1,1,0,0,0"/>
                <row values="0,0,0,1,1,1,1,1,1,1,1,1,1,1,1,1,1,1,1,1,1,1,1,1,1,1,1,1,1,1,1,1,0,0,0"/>
                <row values="0,0,1,1,1,1,1,1,1,1,1,1,1,1,1,1,1,1,1,1,1,1,1,1,1,1,1,1,1,1,1,1,1,0,0"/>
                <row values="0,1,1,1,1,1,1,1,1,1,1,1,1,1,1,1,1,1,1,1,1,1,1,1,1,1,1,1,1,1,1,1,0,0,0"/>
                <row values="0,1,1,1,1,1,1,1,1,1,1,1,1,1,1,1,1,1,1,1,1,1,1,1,1,1,1,1,1,1,1,0,0,0,0"/>
                <row values="0,0,1,1,1,1,1,1,1,1,1,1,1,1,1,1,1,1,1,1,1,1,1,1,1,1,1,1,1,0,0,0,0,0,0"/>
                <row values="0,0,0,1,1,1,1,1,1,1,1,1,1,1,1,1,1,1,1,1,1,1,1,1,1,1,1,1,1,0,0,0,0,0,0"/>
                <row values="0,0,0,0,1,1,1,1,1,1,1,1,1,1,1,1,1,1,1,1,1,1,1,1,1,1,1,1,1,0,0,0,0,0,0"/>
                <row values="0,0,0,0,0,1,1,1,1,1,1,1,1,1,1,1,1,1,1,1,1,1,1,1,1,1,1,1,1,0,0,0,0,0,0"/>
                <row values="0,0,0,0,0,0,1,1,1,1,1,1,1,1,1,1,1,1,1,1,1,1,1,1,1,1,1,1,1,0,0,0,0,0,0"/>
                <row values="0,0,0,0,0,0,0,1,1,1,1,1,1,1,1,1,1,1,1,1,1,1,1,1,1,1,1,1,1,1,1,0,0,0,0"/>
                <row values="0,0,0,0,0,0,0,0,1,1,1,1,1,1,1,1,1,1,1,1,1,1,1,1,1,1,1,1,1,1,0,0,0,0,0"/>
                <row values="0,0,0,0,0,0,0,0,0,1,1,1,1,1,1,1,1,1,1,1,1,1,1,1,1,1,1,1,1,0,0,0,0,0,0"/>
                <row values="0,0,0,0,0,0,0,0,0,0,1,1,1,1,1,1,1,1,1,1,1,1,1,1,1,1,1,1,0,0,0,0,0,0,0"/>
                <row values="0,0,0,0,0,0,0,0,0,0,0,1,1,1,1,1,1,1,1,1,1,1,1,1,1,1,1,0,0,0,0,0,0,0,0"/>
                <row values="0,0,0,0,0,0,0,0,0,0,0,0,1,1,1,1,1,1,1,1,1,1,1,1,1,1,0,0,0,0,0,0,0,0,0"/>
                <row values="0,0,0,0,0,0,0,0,0,0,0,0,0,1,1,1,1,1,1,1,1,1,1,1,1,0,0,0,0,0,0,0,0,0,0"/>
                <row values="0,0,0,0,0,0,0,0,0,0,0,0,0,0,1,1,1,1,1,1,1,1,1,1,0,0,0,0,0,0,0,0,0,0,0"/>
                <row values="0,0,0,0,0,0,0,0,0,0,0,0,0,0,0,1,1,1,1,1,1,1,1,0,0,0,0,0,0,0,0,0,0,0,0"/>
                <row values="0,0,0,0,0,0,0,0,0,0,0,0,0,0,0,0,1,1,1,1,1,1,0,0,0,0,0,0,0,0,0,0,0,0,0"/>
                <row values="0,0,0,0,0,0,0,0,0,0,0,0,0,0,0,0,0,1,1,1,1,0,0,0,0,0,0,0,0,0,0,0,0,0,0"/>
                <row values="0,0,0,0,0,0,0,0,0,0,0,0,0,0,0,0,0,0,1,1,0,0,0,0,0,0,0,0,0,0,0,0,0,0,0"/>
                <row values="0,0,0,0,0,0,0,0,0,0,0,0,0,0,0,0,0,0,0,0,0,0,0,0,0,0,0,0,0,0,0,0,0,0,0"/>
            </grid>
        </item>
        <item class="landscapeItem" wz="0" wx="21.09375" wy="0.90625" id="landscapeItem5" skin="ColumnSE@halloween2017"/>
        <item class="landscapeItem" wz="0" wx="32.09375" wy="11.90625" id="landscapeItem6" skin="ColumnSW@halloween2017"/>
        <item class="exitItem" locationId="ballroom" roomId="br1" wx="13.046875" wy="5.109375" wz="0" id="exitItem10" skin="LedderSE@halloween2017"/>
        <item class="exitItem" locationId="ballroom" roomId="br1" wx="28.578125" wy="22.078125" wz="0" id="exitItem11" skin="LedderSW@halloween2017"/>
        <item class="landscapeItem" wz="0" wx="13.046875" wy="5.109375" id="landscapeItem12" skin="CurtainsSE@halloween2017"/>
        <item class="landscapeItem" wz="0" wx="28.578125" wy="22.078125" id="landscapeItem13" skin="CurtainsSW@halloween2017"/>
        <item class="sitItem" wz="0" wx="5" direction="SW" kind="halloweenBallroomBench" wy="13" id="sitItem8"/>
        <item class="sitItem" wz="0" wx="16" direction="SE" kind="halloweenBallroomBench" wy="28" id="sitItem9"/>
        <item class="rotaryItem" wz="0" wx="24" direction="SW" kind="halloweenBallroomVase" wy="12" id="landscapeItem11"/>
        <item class="rotaryItem" wz="0" wx="6"  direction="SE" kind="halloweenBallroomCandles" wy="11" id="landscapeItem14"/>
        <item class="rotaryItem" wz="0" wx="22"  direction="SW" kind="halloweenBallroomCandles" wy="28" id="landscapeItem15"/>
        <item class="rotaryItem" wz="0" wx="27"  direction="SW" kind="halloweenBallroomChair" wy="8" id="landscapeItem16"/>
        <item class="rotaryItem" wz="0" wx="21"  direction="SE" kind="halloweenBallroomPiano" wy="6" id="landscapeItem17"/>
    </items>
</map>